timestamp,x,y,z
1541872950161359,-1.5,-1.0625,0.3125
1541872950186396,-2,-2.1875,0.8125
1541872950206397,-1.6875,-2.3125,0.1875
1541872950221409,-1.3125,-1.9375,-1.0625
1541872950245429,-0.75,-1.5,-1.25
1541872950266460,-0.8125,-1.4375,-0.8125
1541872950323503,-0.8125,-1.125,-1.25
1541872950324495,-1.5625,-0.9375,-1.125
1541872950325505,-1.5,-0.375,-1.375
1541872950338517,-1.5625,-0.3125,-0.6875
1541872950356535,-1,-0.25,-0.9375
1541872950379558,-0.375,-0.5,-0.1875
1541872950398569,0.0625,-0.6875,-0.375
1541872950433640,0.125,-1,-0.375
1541872950439608,0,-1.6875,-0.625
1541872950454620,-0.125,-2.1875,-0.25
1541872950485641,-0.375,-3,0.25
1541872950491651,-0.625,-3.125,-0.0625
1541872950513669,-0.3125,-2.5625,-0.0625
1541872950536687,-1.1875,-2.625,0.5
1541872950551701,-0.3125,-2.375,0.5625
1541872950573718,-2.5,-2.375,0.75
1541872950596738,-1.0625,-2.0625,0.375
1541872950611750,-1.1875,-2,-0.0625
1541872950633803,-1.6875,-1.9375,0.25
1541872950656786,-1.75,-2.25,-0.25
1541872950671795,-0.9375,-2.8125,0.4375
1541872950693817,-1.625,-3.5,1.375
1541872950716831,-3.0625,-3.875,1
1541872950731848,-2.6875,-3.5625,0.375
1541872950753867,-2.0625,-3.75,0.1875
1541872950776885,-1.375,-4.125,-0.4375
1541872950791894,-0.9375,-4.3125,-0.75
1541872950813916,-1.8125,-4.5,-0.25
1541872950836919,-1.0625,-4.6875,-1.25
1541872950851957,-0.4375,-4.5625,-2.0625
1541872950873965,-1.1875,-5,-2.4375
1541872950895984,-2.5,-5.4375,-2.875
1541872950910995,-2.1875,-6.625,-1.25
1541872950934051,-1.8125,-6.9375,-1.1875
1541872950956034,-0.9375,-7.3125,-2.125
1541872950973047,0.5,-8.4375,-1.1875
1541872950994064,-0.125,-9.375,-0.625
1541872951016082,0.125,-10.375,0.4375
1541872951031078,1,-10.625,0.6875
1541872951054098,-0.125,-9.8125,0.5625
1541872951076115,-0.375,-8.3125,0.25
1541872951091144,1.625,-8.6875,-0.3125
1541872951114147,2.375,-9.4375,-0.125
1541872951136218,1,-9.9375,-0.125
1541872951151194,0.6875,-10.5625,0.0625
1541872951174194,0.3125,-10.625,-0.75
1541872951196232,2.4375,-11.5,-0.9375
1541872951211245,4.8125,-12.6875,-1.0625
1541872951234263,4.8125,-13.125,-0.3125
1541872951256280,5.875,-12.8125,-0.3125
1541872951271288,6.75,-12.8125,-0.375
1541872951294313,7.625,-13.1875,-0.125
1541872951316313,10.4375,-13.9375,0.375
1541872951331338,13.5,-14.6875,1.875
1541872951354398,17.875,-14.5625,2.25
1541872951376361,18.5625,-13.9375,2.125
1541872951391375,17.375,-13,1.1875
1541872951415392,16.75,-12.3125,0
1541872951436430,17.9375,-11.25,-1.1875
1541872951454425,20.0625,-9.125,-2.1875
1541872951476497,20.1875,-6.75,-2.5625
1541872951496478,17.875,-6.6875,-2.6875
1541872951514493,15.875,-6.6875,-2.75
1541872951536549,16.3125,-6,-4.3125
1541872951556528,16.0625,-5.1875,-6.375
1541872951574524,14.875,-4.75,-8.4375
1541872951596557,14.3125,-4.125,-9.0625
1541872951616578,14.6875,-4.625,-11.3125
1541872951634593,15.9375,-4.5625,-11.875
1541872951656599,16.1875,-5.4375,-11.875
1541872951676622,16.125,-6.125,-11.875
1541872951693625,15.6875,-7,-12.4375
1541872951722660,15.9375,-6.9375,-12.0625
1541872951736660,15.5625,-7.5625,-13.3125
1541872951753673,16.4375,-8.3125,-13.5625
1541872951775696,18.125,-9.8125,-13
1541872951796721,19.4375,-11.125,-12.4375
1541872951813739,17.3125,-11.8125,-12.0625
1541872951835801,16.3125,-13.625,-12.875
1541872951856811,17.875,-14.4375,-12.75
1541872951873790,18.75,-15.9375,-13.75
1541872951895791,15.9375,-18.0625,-13.0625
1541872951916861,14.75,-18.8125,-13.8125
1541872951933822,15,-18.8125,-13.1875
1541872951955838,12.5,-18.0625,-13.0625
1541872951976911,8.5,-16.625,-12.6875
1541872952000891,5.9375,-15,-11.5625
1541872952015903,6.125,-13.8125,-10.6875
1541872952036924,5.375,-11.8125,-9.3125
1541872952053938,2.8125,-9.375,-7.875
1541872952075937,-1,-8.5,-6.875
1541872952097012,-4.6875,-8.5625,-5.0625
1541872952114024,-8.375,-7.875,-3.875
1541872952136000,-10.3125,-8.1875,-2.625
1541872952157023,-10.8125,-10.25,-2.3125
1541872952174071,-14.9375,-12.75,-2.8125
1541872952196035,-18.375,-16.125,-2.4375
1541872952217053,-17.25,-19.0625,-1.1875
1541872952233081,-15.75,-20.8125,1.1875
1541872952256085,-16.1875,-22.875,4.1875
1541872952277122,-11.6875,-23.25,5.9375
1541872952300141,-10.6875,-21.125,5.4375
1541872952318136,-12.5625,-19.25,4.1875
1541872952339208,-13.5,-18.1875,3.8125
1541872952353185,-15.625,-16.5,4.75
1541872952376185,-17.5,-15.0625,6.125
1541872952399217,-18.5,-13.5,6.375
1541872952413235,-22.5,-12.25,7.375
1541872952436252,-26.4375,-10.5,7.3125
1541872952458270,-27.125,-7.875,7.125
1541872952473266,-25.3125,-6.9375,5.875
1541872952496298,-24.875,-7.8125,5.8125
1541872952518301,-21.25,-8.875,6.1875
1541872952539374,-22.3125,-11.5,5.9375
1541872952556333,-28.875,-14.25,5.1875
1541872952578368,-24.4375,-16.8125,4.8125
1541872952599387,-20.625,-20.6875,5.5625
1541872952616402,-15.5,-24,5.125
1541872952638411,-7.9375,-25.1875,4.6875
1541872952659472,-5.6875,-26,5.375
1541872952676468,-5.375,-24.375,8.0625
1541872952698462,-3.5625,-24.0625,11.5
1541872952719490,-7,-23.8125,14.375
1541872952736500,-4.1875,-23.75,18.5625
1541872952758501,1.375,-23.1875,23.3125
1541872952779535,7.625,-25,27.9375
1541872952796549,21.125,-30,31.0625
1541872952818557,29.6875,-35.5,33.0625
1541872952839585,28.25,-35.875,31.625
1541872952856594,17.5625,-33.5,32.0625
1541872952878597,23.625,-36.0625,32.625
1541872952899635,41.375,-42.125,31
1541872952916648,54.3125,-43.8125,24.8125
1541872952938648,54.9375,-41.75,17.0625
1541872952959721,45.8125,-37.375,18.9375
1541872952976736,44.25,-31.8125,23.1875
1541872952998698,41,-24.6875,29.25
1541872953019770,35.5,-13.6875,34
1541872953036745,44.5625,-2.1875,43.5625
1541872953058748,61.5625,7.875,54.8125
1541872953079784,63.375,11.3125,70.6875
1541872953102839,41.875,5.8125,86.1875
1541872953118806,24.4375,-2.5,97.8125
1541872953139828,11.875,-11.8125,107.063
1541872953155827,8.4375,-28.625,110.563
1541872953178847,6.1875,-48.5,110.625
1541872953199866,0.875,-70.0625,113.625
1541872953215895,-10.75,-91.875,111.5
1541872953238897,-27.4375,-114,101.563
1541872953259932,-38,-139.313,95.0625
1541872953275945,-25.1875,-166.938,95.625
1541872953298964,-8.8125,-194.688,100.5
1541872953320973,4.9375,-213.688,97.6875
1541872953336033,24.375,-223.438,96.8125
1541872953359017,54.1875,-235.5,86.75
1541872953381026,79.8125,-241.438,74.25
1541872953396043,106.875,-237.313,58.125
1541872953419062,128.5,-221.75,48.125
1541872953441079,139.563,-208.688,35.1875
1541872953462098,128.875,-186.875,19.625
1541872953479148,124.25,-165.25,3.4375
1541872953501113,111.188,-133,-2.6875
1541872953522148,74.8125,-104.25,2
1541872953539197,42.3125,-75.1875,4.125
1541872953561171,6,-52.5,4.9375
1541872953582197,-32.9375,-16.875,12.75
1541872953599210,-53.1875,3.5,19.25
1541872953621210,-75.75,9.1875,19.625
1541872953642246,-92.125,7.0625,11.75
1541872953659256,-87.0625,9.5,3.6875
1541872953687284,-85.375,11.5625,5.75
1541872953702297,-103.5,18.0625,9.8125
1541872953719294,-128.125,27.5,10.1875
1541872953742329,-135.25,37.3125,7.6875
1541872953762329,-119,38.75,13
1541872953779367,-103.813,32.1875,19.4375
1541872953801378,-69.25,19.1875,42
1541872953822395,-42.4375,0.8125,58.0625
1541872953838408,-57.6875,-17,53.375
1541872953861423,-57.875,-25.9375,45.25
1541872953882480,-15.0625,-26.9375,42.8125
1541872953899456,13.6875,-28.5,42.125
1541872953921458,-16.875,-31.875,34.375
1541872953942529,-43.125,-36.0625,26.125
1541872953958501,-45.875,-41.125,16.25
1541872953981509,-37.25,-48.3125,9.75
1541872954002543,-16.875,-51.375,5.25
1541872954019539,-21.8125,-51,-1.25
1541872954041576,-38.3125,-51.625,-18.25
1541872954062593,-43,-49.9375,-45.25
1541872954078602,-29.375,-38.5,-62
1541872954101641,-1.3125,-31.625,-71.4375
1541872954122642,1.25,-26.375,-86.6875
1541872954138656,-3.8125,-16.8125,-101.125
1541872954161675,-27.5625,-22.1875,-105.438
1541872954182692,-67.375,-29.625,-101.688
1541872954198705,-57.625,-17,-92.1875
1541872954221725,-25.6875,-6.875,-95.0625
1541872954243722,-9.75,5.9375,-110.125
1541872954258735,-25.75,22.875,-116.875
1541872954281769,-67.75,33.8125,-125.875
1541872954303787,-116.125,49.1875,-135.75
1541872954318806,-112,75.625,-117.063
1541872954341824,-87.875,86.5625,-123.938
1541872954363822,-87.625,96.6875,-127.375
1541872954384859,-80.6875,112.438,-118.438
1541872954401871,-108.188,122.688,-118.688
1541872954423881,-128,134.5,-115
1541872954444908,-133.25,140.688,-108.375
1541872954461957,-139.875,149.563,-97.6875
1541872954483921,-153.188,159,-82.75
1541872954506970,-154.563,168.625,-66.625
1541872954521968,-138.438,168.125,-57.3125
1541872954543991,-126.125,164.625,-57
1541872954565007,-126.125,156.813,-62.75
1541872954581023,-128.625,147.125,-75.75
1541872954604041,-121.063,134.125,-85.0625
1541872954625092,-119.188,118.813,-92.25
1541872954641053,-124.375,98.8125,-94.5
1541872954664088,-122.25,82.5,-96.9375
1541872954669074,-109.125,71.6875,-95.125
1541872954692111,-112.938,63.9375,-90.25
1541872954707123,-130.625,54.5625,-83.5625
1541872954729142,-140.188,41.625,-77.625
1541872954752161,-129.875,30.0625,-68.1875
1541872954767174,-113,22.125,-58.5625
1541872954789191,-99.625,14.6875,-53.1875
1541872954812211,-92.8125,7.6875,-50.8125
1541872954827223,-88.375,-4.875,-51.5
1541872954849276,-71.1875,-13.9375,-51
1541872954872260,-56.1875,-19.125,-49.1875
1541872954888254,-63.6875,-21.125,-44.3125
1541872954909326,-79.3125,-30.75,-32.875
1541872954932310,-36.8125,-42.9375,-13.75
1541872954947322,46.125,-50.9375,2.5
1541872954969341,90.625,-54.4375,16.875
1541872954987346,88.9375,-59.6875,30.1875
1541872955006372,79.5,-63.6875,38.3125
1541872955029389,67.6875,-60.125,40.875
1541872955064409,63.375,-54.6875,41.4375
1541872955069423,52.8125,-55.1875,40.5625
1541872955090422,41.8125,-50.9375,31.9375
1541872955104448,27.875,-55.6875,19.9375
1541872955126470,22.0625,-51.1875,15.6875
1541872955150470,24.9375,-38.25,11.75
1541872955164538,17.5625,-33.4375,10.3125
1541872955186520,8.75,-31.25,10.0625
1541872955210534,-5.3125,-34.6875,2.8125
1541872955224553,18.8125,-39.5625,2.6875
1541872955246568,38.1875,-38,1.375
1541872955269588,31.5625,-31.8125,4.3125
1541872955284600,19.5625,-32.875,1.375
1541872955306617,5.75,-27.8125,-1.375
1541872955329638,-2.5,-21.75,-2.75
1541872955344649,-5.125,-19.75,-2.3125
1541872955366668,-3.5625,-19.0625,-3.875
1541872955389687,-3.625,-18.75,-1.5625
1541872955404699,10.5625,-20.3125,-1.5
1541872955426717,10.375,-20.4375,-1.375
1541872955449736,-7.1875,-11.5625,3.6875
1541872955464748,-5.375,-6.8125,8.125
1541872955486759,-4.3125,-1.625,5.0625
1541872955509785,-7.625,0.0625,2.6875
1541872955524798,-7.75,6.1875,-0.25
1541872955546816,-20.375,12.875,-3.375
1541872955569836,-26.125,7.375,-4.125
1541872955584843,-16.5625,3.75,-2.75
1541872955606865,-4,6.5625,-1.9375
1541872955629884,-5.25,5.625,0.4375
1541872955644895,-28.125,4.8125,-0.625
1541872955666915,-51.5625,9.5625,-10.375
1541872955689915,-91.625,18.75,-14.9375
1541872955704927,-116.375,38.4375,-12.5
1541872955726999,-108.438,35.875,-4.8125
1541872955749980,-82.5625,20.375,8.0625
1541872955764993,-41.125,6.4375,25.0625
1541872955787010,-14.5,5,31.875
1541872955809032,-11.5625,18.75,39.1875
1541872955824026,-23.4375,15.25,50.8125
1541872955847065,-26.4375,13.25,56.9375
1541872955869081,-34.4375,4.6875,65.25
1541872955884094,-21.875,-6.6875,56.25
1541872955907108,-9.5625,-7.5625,54.1875
1541872955929131,-2.1875,-14.75,48.3125
1541872955947127,3.9375,-27.375,49.625
1541872955968145,32.3125,-39,48.75
1541872955989180,49.375,-47.5,45.5625
1541872956007183,54.6875,-53.5625,47
1541872956028194,42.5625,-57.875,49
1541872956049213,34.25,-59.0625,50
1541872956067225,46.3125,-62.1875,51.9375
1541872956088242,55.375,-64.0625,53.125
1541872956109316,48.0625,-64.4375,53.125
1541872956126302,35.1875,-60.25,51.5625
1541872956149313,46,-61.3125,51.375
1541872956170329,61.4375,-63.5625,52
1541872956186339,52.6875,-63.375,49.25
1541872956209363,39.875,-62.5,43.5625
1541872956230379,35.125,-59.3125,39.8125
1541872956246373,31.1875,-55.1875,34.3125
1541872956269399,25.375,-53.875,28.5625
1541872956290428,38.0625,-57.3125,24.8125
1541872956306425,37.625,-58.9375,20
1541872956329496,40.125,-54.8125,15.6875
1541872956350479,37.125,-51.3125,18.9375
1541872956366471,40.8125,-50,18.5
1541872956389510,53.5,-51.75,16.4375
1541872956410510,56,-57.25,15.5625
1541872956426521,57.4375,-58.125,14.3125
1541872956449561,64.625,-55.5625,13.0625
1541872956470579,70.0625,-51.25,10.3125
1541872956486570,70.375,-48.375,9.3125
1541872956509603,68.5,-43.1875,8.875
1541872956530662,64.75,-34.75,5.0625
1541872956546621,55.4375,-25.5,0.625
1541872956569640,47.3125,-17.8125,-3.625
1541872956590685,39.1875,-12.75,-3.875
1541872956606672,33.3125,-8.3125,-1.6875
1541872956629705,27.875,-3.6875,0.5625
1541872956650723,23.1875,2.3125,2.5625
1541872956666739,15.6875,6.5625,3.5
1541872956689741,8.125,7.5625,5
1541872956709774,1.8125,8.1875,1.8125
1541872956726769,-1.5,10.375,-4
1541872956748823,-7.5,14.375,-12.1875
1541872956769824,-7.3125,19.125,-21
1541872956786838,-4.375,20.0625,-22.5625
1541872956808848,-0.8125,21,-23
1541872956829873,-4.5,25,-24.625
1541872956846886,-21.875,32.375,-29.625
1541872956868901,-36.6875,39.9375,-33.25
1541872956889958,-36.375,47.1875,-34.75
1541872956905916,-37.5625,52.25,-36.0625
1541872956928938,-52.25,56.75,-34
1541872956949972,-68.375,63,-29.25
1541872956965976,-73.875,69.6875,-24.75
1541872956988994,-72.4375,74.5625,-18.875
1541872957010022,-78.375,76.875,-12.625
1541872957026017,-81,77.875,-8.1875
1541872957049034,-84.6875,77.1875,-3.4375
1541872957070071,-82.25,76.5625,1.4375
1541872957086065,-79.4375,75.375,5.9375
1541872957109085,-77.875,74.6875,6.9375
1541872957139123,-68.375,63,-29.25
1541872957146114,-79,64.6875,7.9375
1541872957157124,-73.875,69.6875,-24.75
1541872957169148,-76.75,60.5625,3.6875
1541872957192168,-76.3125,68.1875,1.5
1541872957206183,-75.8125,67.0625,-2.375
1541872957229183,-72.1875,61.25,-4.9375
1541872957252215,-79.8125,62.9375,-2.25
1541872957273273,-72.1875,63.5625,2.1875
1541872957289234,-70.5,58,8.3125
1541872957312253,-70.875,64.3125,12.125
1541872957333281,-57.1875,68.25,13.375
1541872957349301,-52.8125,61.3125,13.1875
1541872957371319,-60.875,60.3125,13.0625
1541872957393318,-55.375,62.5,13.75
1541872957409351,-48.5625,56.375,12.6875
1541872957431365,-54.375,59,13.3125
1541872957452386,-53,63.5,12.5625
1541872957469383,-49.25,56.25,10.3125
1541872957499424,-49,53.625,6.25
1541872957512435,-46.375,52.1875,4.875
1541872957529449,-42.0625,52,5.9375
1541872957551459,-40.625,53.75,4.4375
1541872957572485,-37,53.75,1.375
1541872957589500,-35.4375,52.5,-2.4375
1541872957611501,-43.8125,51,-0.0625
1541872957632534,-37.75,49.125,-0.3125
1541872957649548,-37.0625,48.8125,-3.875
1541872957671546,-39.0625,47.875,-5.4375
1541872957692621,-44.375,46.375,-6.25
1541872957708579,-39.4375,45.5625,-4.375
1541872957731597,-33.0625,43.75,-1.25
1541872957752669,-34.3125,42.25,0.0625
1541872957769633,-35.8125,40.6875,1.125
1541872957791645,-30.5625,37.125,3.0625
1541872957814685,-27.9375,33.3125,6.5625
1541872957829696,-26.4375,29.875,8.25
1541872957851696,-22.875,28,9
1541872957872731,-17.8125,26.1875,9.0625
1541872957888737,-12.9375,24,10.875
1541872957911756,-12.875,21.125,11.625
1541872957932782,-9.125,19.125,13.5
1541872957948795,-1.8125,17.625,13.375
1541872957971814,0.375,16.875,10.4375
1541872957992832,-0.875,14.875,7.9375
1541872958008830,-3.4375,12.875,5.375
1541872958031863,-3.25,10.75,2.875
1541872958052916,0.4375,9.75,-0.875
1541872958068894,0.75,8.8125,-2.8125
1541872958091912,0.4375,7.875,-3.375
1541872958113931,-0.625,7,-3.9375
1541872958128942,-3.6875,5.9375,-5.3125
1541872958151962,-9.875,4.6875,-6.75
1541872958173978,-10.0625,4.375,-6.625
1541872958188979,-5.625,3.9375,-5.375
1541872958212004,-5.25,3.8125,-4.25
1541872958234021,-5.8125,2.8125,-2.8125
1541872958249042,-6.25,1.5,-0.6875
1541872958272062,-6.125,0.375,1.4375
1541872958294061,-5.25,-0.1875,2.0625
1541872958309091,-3.8125,-0.625,3.125
1541872958332112,-4.5625,-1.1875,5.0625
1541872958354113,-5.875,-2.625,6.9375
1541872958369142,-6.6875,-2.8125,7.625
1541872958392160,-4.75,-3.125,9.25
1541872958414158,-5.1875,-4.3125,12.75
1541872958429190,-4.5625,-6.1875,15.5625
1541872958452209,-0.875,-8.9375,15.125
1541872958474209,-1.375,-11.375,14.4375
1541872958495245,-1.125,-13.625,15.375
1541872958512260,1.125,-15.5,17.0625
1541872958534259,2,-16.1875,16
1541872958555330,0.0625,-16.75,13.3125
1541872958572308,0.125,-19.0625,14.4375
1541872958594319,0.1875,-23.875,17.375
1541872958615345,2.875,-28.125,21.375
1541872958632357,7.3125,-31.1875,22.75
1541872958654368,10.9375,-33.25,21.5625
1541872958683417,15.875,-34.5,16.375
1541872958692389,17.3125,-36.0625,10.375
1541872958714425,15.625,-39.125,4.875
1541872958743446,8.3125,-44.1875,2.8125
1541872958751438,7.1875,-44.375,4.6875
1541872958774471,8.5625,-44.875,5.25
1541872958795493,17.5625,-45.1875,4.6875
1541872958811505,10.25,-46.25,5.6875
1541872958834526,12.8125,-48.8125,6.625
1541872958855542,17.25,-50.875,10.25
1541872958871555,15.5625,-54.3125,12.3125
1541872958894574,16.1875,-55.875,13.625
1541872958915592,18.5,-57.0625,13.625
1541872958931606,15.625,-59.9375,14.75
1541872958954626,15.1875,-63.75,16.25
1541872958975677,17.25,-66.8125,17.25
1541872958991657,16.5,-69.75,17.4375
1541872959014672,16.1875,-72,18.5
1541872959036673,13.5,-73.75,18.1875
1541872959051703,12.3125,-75.4375,17.0625
1541872959074723,13.9375,-78,17.4375
1541872959096721,14.375,-81.625,19.5625
1541872959111733,15.25,-83.5625,20.75
1541872959118740,17.25,-84.875,21.9375
1541872959139778,20.0625,-85.4375,22.3125
1541872959162794,20.9375,-85.8125,22.4375
1541872959178808,23.4375,-85.125,22.9375
1541872959199821,26.75,-85.25,24.8125
1541872959222842,27.1875,-85.3125,27.125
1541872959239860,31.1875,-84.25,26.75
1541872959259875,35.1875,-83.6875,25.5
1541872959281928,40.0625,-83.625,25.1875
1541872959298908,42.3125,-82.625,23.25
1541872959319924,43.25,-82.1875,21.625
1541872959341943,44.6875,-82.4375,21.0625
1541872959358938,46.5625,-82.9375,19.875
1541872959379975,48.6875,-82,18.75
1541872959401992,49.8125,-79.125,18
1541872959419006,48.9375,-77.4375,15.75
1541872959440023,51.4375,-74.1875,13.5
1541872959462041,47.25,-72.5,14.875
1541872959479057,43,-71.75,16.6875
1541872959500073,44.75,-70.6875,17.4375
1541872959522090,45.8125,-70.375,17
1541872959539106,45.125,-70,16.3125
1541872959560122,43.75,-70.4375,15.0625
1541872959582176,41.875,-69.8125,14.375
1541872959599194,38.3125,-69.5,13.1875
1541872959620173,34.5,-70,9.5
1541872959642225,29.9375,-72.375,4.9375
1541872959659204,25,-75.5625,1.1875
1541872959680222,20.375,-76.9375,-1.75
1541872959702240,14.6875,-80,-2.25
1541872959719254,12,-84.0625,-0.25
1541872959740270,10.4375,-90.9375,5.3125
1541872959762270,5.1875,-96.875,9.625
1541872959780285,2.5,-100.125,13
1541872959800315,-2.4375,-102.813,16.375
1541872959822340,-8.375,-105.563,17.125
1541872959838351,-7,-106.563,13.0625
1541872959860366,-7,-106.813,6.625
1541872959882388,-9,-106.938,2.8125
1541872959898401,-6.75,-108.438,2.3125
1541872959920400,-4.5,-110.938,1.875
1541872959942473,0.875,-112.813,0.375
1541872959960452,7,-112.938,-1.25
1541872959979504,16.5625,-111.25,-1.9375
1541872960002487,27.3125,-108.313,-1.8125
1541872960020502,31.125,-103.875,-0.4375
1541872960039518,36,-98.9375,1.125
1541872960069543,37.875,-92.9375,3.9375
1541872960080551,33.1875,-84.125,4.9375
1541872960099566,29.4375,-73.1875,6.5
1541872960122586,24.375,-63.25,9.6875
1541872960140596,18.75,-54.5,12.5
1541872960159652,15,-45.3125,14.375
1541872960182635,10.75,-37.75,15.875
1541872960200647,6.4375,-31.75,17.375
1541872960219668,3.875,-27.0625,19.75
1541872960242685,1.125,-23.8125,21.375
1541872960260700,-2.125,-20.6875,20.375
1541872960279696,-7.25,-17.125,17.375
1541872960302734,-13.0625,-14.625,14.375
1541872960320749,-18.3125,-13.75,11.75
1541872960339764,-21.8125,-14.125,9.4375
1541872960357761,-23.9375,-15.875,9.625
1541872960380798,-22.875,-16.4375,9
1541872960399815,-21,-15.0625,5.25
1541872960417820,-22.0625,-13.125,0.8125
1541872960440843,-27.4375,-9.625,-11.25
1541872960459864,-15.9375,-4.375,-20.375
1541872960477879,-7.75,-13.625,-10.75
1541872960500879,-7.75,-20.9375,2.875
1541872960519913,-6.75,-17,4.25
1541872960537928,-2.875,-9.9375,2.75
1541872960560947,-5.9375,-6.9375,4.9375
1541872960580964,-3.3125,-8.8125,7.625
1541872960596958,3.375,-11.4375,8.75
1541872960619995,4.625,-13.0625,9.1875
1541872960640996,3.5625,-12.1875,8.4375
1541872960657018,3.875,-9.625,6.625
1541872960687032,6.6875,-8.375,5.625
1541872960701063,8.4375,-7.75,6.5625
1541872960717068,9.75,-6.125,6.9375
1541872960740089,10.625,-5.4375,8.5625
1541872960761103,8.9375,-3.5,7.75
1541872960777122,10.25,-0.1875,6.25
1541872960800126,9.9375,2.6875,3.9375
1541872960821159,8.4375,6,1.25
1541872960837164,5.9375,7.3125,-0.5
1541872960860190,9.0625,10.4375,-4.125
1541872960881208,8.75,12.9375,-6.125
1541872960904263,11.1875,17.1875,-10.0625
1541872960919239,11.625,20.125,-12.5625
1541872960942250,10.3125,23.9375,-14.625
1541872960956264,12,28.9375,-20
1541872960979302,10.25,32.0625,-24.3125
1541872961009313,10.6875,38.1875,-39.3125
1541872961032319,22.0625,39.5,-41.125
1541872961039323,7.0625,31.3125,-18.1875
1541872961062361,4.8125,32.75,-5.4375
1541872961083378,16.3125,40,-0.6875
1541872961099377,13.875,46.0625,3.75
1541872961122409,11.1875,51.5,5.6875
1541872961143428,13.1875,54.125,6.75
1541872961159431,2.625,54.75,6.9375
1541872961182460,-7.625,55.75,7.1875
1541872961203476,-11.625,57.375,9.0625
1541872961219480,-15.5625,58.5,10.25
1541872961249494,-17.6875,58.6875,10.625
1541872961263562,-18.375,56.5625,10.625
1541872961279535,-19.9375,53.9375,12.0625
1541872961317551,-20,50.8125,13.5625
1541872961323574,-19.375,47.8125,13.5
1541872961339569,-20.9375,44.4375,11.9375
1541872961362608,-23.1875,40.625,9.6875
1541872961383624,-26.0625,35.6875,7.9375
1541872961399619,-28.875,30.25,7
1541872961422650,-28.9375,23.6875,7.1875
1541872961443670,-25.1875,18.375,7.3125
1541872961459670,-19.4375,13.625,7.6875
1541872961482700,-13.4375,10.0625,5.5625
1541872961503715,-11.5,5.25,5.875
1541872961519719,-18.875,1.25,0.5625
1541872961541797,-6.75,0.1875,-0.25
1541872961563759,-8,-1.8125,3.25
1541872961579785,-2.0625,-1.625,1.75
1541872961601839,11.8125,-0.8125,-0.5625
1541872961622822,19.75,-3.0625,0.875
1541872961646841,17.875,-6.0625,3.1875
1541872961661852,12.8125,-6.125,2
1541872961682872,12.0625,-3.625,0.75
1541872961698865,6.3125,-3.9375,1.3125
1541872961721885,4.625,-5.5625,2.25
1541872961742922,6.625,-7.3125,2.25
1541872961759953,9.875,-7.1875,0.5
1541872961789974,12.5,-6.25,-1.4375
1541872961802970,14.3125,-4.75,-3.875
1541872961819984,15.375,-3.5,-5.9375
1541872961850009,15.9375,-2.875,-6.4375
1541872961865023,13.0625,-1.625,-8
1541872961880033,9,1.375,-8.75
1541872961902042,7.375,6.5625,-11.25
1541872961932057,2.9375,11.25,-14.4375
1541872961939065,1,15.25,-17.0625
1541872961962083,-0.375,16.875,-17.4375
1541872961985121,-0.375,18.8125,-19.8125
1541872962015145,-1.375,20.0625,-24.0625
1541872962022131,-2.9375,21.25,-28.0625
1541872962045165,3.375,25,-35.6875
1541872962066182,5.125,22.9375,-28.8125
1541872962083222,-7.375,21.5625,-16.0625
1541872962111269,-6.5625,24,-6
1541872962133243,4.25,27.625,2.0625
1541872962150248,4.0625,28.375,9.3125
1541872962164249,0.625,29.1875,11.25
1541872962225354,-0.3125,30.625,8.6875
1541872962227322,-10.4375,32.1875,5.625
1541872962233325,-13.75,33.0625,4.0625
1541872962246317,-12.0625,30.9375,4.125
1541872962262349,-11.1875,27.375,2.6875
1541872962285359,-7.4375,21.875,2.125
1541872962313392,-2.75,14.9375,1.9375
1541872962328404,-0.8125,9.625,2
1541872962352417,0.5,5.9375,1.75
1541872962410471,-1.6875,1.6875,2.4375
1541872962429487,-3.6875,-4.0625,3.5625
1541872962442498,-6.5,-14.9375,8.0625
1541872962449484,-8.375,-21.25,11.4375
1541872962464497,-9.375,-27.5625,13.0625
1541872962485533,-8.4375,-35.0625,13.125
1541872962502546,-8.0625,-41.625,14.5625
1541872962524562,-11.5625,-46.3125,15
1541872962546618,-24.8125,-50.5,7.875
1541872962562597,2.6875,-45.8125,1.875
1541872962584609,8.6875,-50.4375,2.25
1541872962613621,-3.75,-55,-2.8125
1541872962621630,12,-53,-8.75
1541872962644649,17.125,-51.5,-9.3125
1541872962673689,10.375,-51.375,-7.8125
1541872962695706,10.125,-50.5625,-6.4375
1541872962704693,7.25,-50.625,-4.1875
1541872962725733,5.5,-51.4375,-1
1541872962741746,2.5,-51.875,0
1541872962765763,2.125,-50.4375,-2.75
1541872962787781,4.375,-48,-5.8125
1541872962825816,9.4375,-50,-5.8125
1541872962838818,11.8125,-49.6875,-6.9375
1541872962847812,13.1875,-48.0625,-8
1541872962869832,13.375,-47.625,-7.625
1541872962884844,12.5,-48.25,-4.9375
1541872962914886,10.1875,-46.3125,-4.5
1541872962937902,14.1875,-46.875,-3.625
1541872962990946,16.1875,-47.4375,-1.3125
1541872962996954,20.375,-42.5625,1.5
1541872963004961,22,-34.0625,2.375
1541872963027980,16.8125,-28.875,-1.4375
1541872963049998,14.3125,-25.8125,-6.25
1541872963065007,12,-17.5,-19.125
1541872963087020,11.125,-11.9375,-21.125
1541872963127062,-12.5,-13.5,-15.8125
1541872963131064,-11.6875,-11.125,-8.5
1541872963155085,1.625,-15.0625,-1.5
1541872963176102,6.0625,-22.25,8.1875
1541872963185109,5.375,-24.6875,15.5625
1541872963208128,14.375,-21.5,13.8125
1541872963236152,3.125,-15.4375,10.4375
1541872963252157,-0.6875,-15,7.5
1541872963275163,0.0625,-17.75,6.4375
1541872963296200,-1,-21.375,5.0625
1541872963305208,0.625,-25.3125,6.875
1541872963327209,1.8125,-27.75,8.1875
1541872963350249,4.5625,-25.5625,8.625
1541872963364238,2.25,-23.625,8.75
1541872963387256,-0.5,-22.6875,8.9375
1541872963408288,-1.6875,-22.3125,7.4375
1541872963425288,0,-23.125,8.3125
1541872963478395,-0.5,-25.125,9.625
1541872963485392,-1.375,-27.125,11.5625
1541872963488356,-2.4375,-27.4375,12
1541872963515363,-4.75,-27.1875,11.4375
1541872963531395,-9.875,-26.25,9.625
1541872963554394,-11.6875,-25.75,7.375
1541872963567442,-13.9375,-27.6875,7.0625
1541872963582436,-17.0625,-28.875,6.0625
1541872963636480,-24.3125,-27.5,-0.75
1541872963641486,-9.0625,-23.875,-3.0625
1541872963702536,-14.5,-29.4375,3.9375
1541872963705539,6.75,-29.5625,-1.25
1541872963712533,14.4375,-31.625,-0.875
1541872963756580,16.25,-33.5625,1.3125
1541872963763580,20.5,-31.375,1.1875
1541872963775596,17.375,-34.6875,7.125
1541872963793611,18.3125,-36.75,9.0625
1541872963846655,25.125,-37.5,11
1541872963852659,30.5625,-36.5625,13.25
1541872963854642,35.75,-34.625,16
1541872963956746,41.1875,-30.6875,16.4375
1541872963966747,45.3125,-28.5625,16.25
1541872963996761,41.5,-25.8125,16.9375
1541872963997770,37.6875,-12.6875,19.0625
1541872964064834,32.875,-5.75,17.5
1541872964070840,26.6875,0.25,15.25
1541872964093858,-3.5,8.75,-5.25
1541872964122918,-0.1875,16.8125,-21.375
1541872964125920,1.5625,17.9375,-25.0625
1541872964220963,-18.375,10.875,-14.6875
1541872964222945,-13.8125,5.75,-4.5625
1541872964257973,-12.875,15.0625,-1.25
1541872964259991,-16.8125,18.375,-1.0625
1541872964296008,-18.4375,17.3125,1.75
1541872964312039,-20.0625,13.5,5.375
1541872964325040,-15.125,15.875,7.0625
1541872964332054,-14.4375,20.5625,5.6875
1541872964409117,-18.1875,20.375,8.0625
1541872964459159,-17.0625,15.8125,9.5
1541872964513199,-18.5,6.8125,13.875
1541872964520209,-21.9375,9.25,13.6875
1541872964536224,-18.1875,3.875,8.625
1541872964597275,-17.6875,5.5,6.125
1541872964616289,-21.3125,7.5625,2.0625
1541872964664329,-0.25,8.1875,-11.75
1541872964670333,-11.5625,2.6875,-3.5
1541872964672334,-8.25,3.625,-2.25
1541872964700357,2.875,5.1875,-4.8125
1541872964706362,4.3125,3.9375,-1.6875
1541872964737387,6.0625,1.625,0.75
1541872964739390,11.75,1.125,1.75
1541872964754403,10.375,0.625,5.5
1541872964775419,9.625,0.3125,9.375
1541872964798439,10.5625,2.4375,10.125
1541872964819456,8.9375,6.375,9.125
1541872964850478,4.875,8.875,6.75
1541872964852483,7.375,12.125,3.6875
1541872964894517,7.8125,15,0.375
1541872964901522,8.375,17.6875,-4.1875
1541872964925539,8.3125,20.9375,-8.25
1541872964933547,9.3125,24.3125,-10.8125
1541872964963592,6.4375,27,-11.1875
1541872964978588,5.1875,26.5,-10.5
1541872965001601,6.25,25.0625,-9.9375
1541872965030630,8.875,24.75,-10.9375
1541872965032632,9.125,28.9375,-14.3125
1541872965061652,6.25,33.75,-16.3125
1541872965091669,4.4375,36.9375,-19.4375
1541872965103685,1.25,36.1875,-22.3125
1541872965112679,6.0625,40.0625,-30.375
1541872965136706,5.6875,37.3125,-31.625
1541872965157735,-5.75,29.5,-22.6875
1541872965241843,-1.9375,26.375,-14.6875
1541872965253794,3.6875,20.8125,-6.5
1541872965263818,3.125,12.3125,-0.25
1541872965293827,-8.125,25.375,-2.9375
1541872965306857,-5.4375,42.1875,-9.0625
1541872965330876,-9.5,49.3125,-11.6875
1541872965369909,-19.5,52.5625,-8.0625
1541872965391963,-14.4375,51.0625,-2.8125
1541872965392911,-12.1875,51.4375,-0.1875
1541872965421949,-11.625,52.875,0.125
1541872965502062,-14.4375,51.75,2.3125
1541872965592086,-11.9375,47.3125,4.8125
1541872965646139,-11.125,43.125,6.4375
1541872965647118,-17.375,27.5,5.25
1541872965722190,-33.9375,17.3125,10.1875
1541872965929370,-28.0625,17.6875,5.75
1541872965984411,-3.6875,30.3125,4.1875
1541872966021442,4.1875,54.6875,-3.8125
1541872966023448,5.75,54.9375,-9.75
1541872966050470,3.6875,55.125,-10.1875
1541872966052473,1.6875,54.0625,-8.875
1541872966074486,3.3125,51.625,-7.75
1541872966125532,6,48.9375,-6
1541872966176574,8.5,45.4375,-4.25
1541872966186582,11.625,42.375,-2.875
1541872966188579,11.5625,39.6875,-2.4375
1541872966232621,12.4375,32.9375,-3.5625
1541872966238626,12.25,29.0625,-4.8125
1541872966240618,16.875,25.125,-6.75
1541872966478818,16.1875,16.375,-1
1541872966543876,11.375,7.375,12.0625
1541872966648964,-12.9375,-44.625,8.5
1541872966773047,-12.625,-75.875,8.625
1541872966989244,11.625,-107.313,-15.375
1541872967056317,4.75,-61.3125,-3.375
1541872967062304,-1.9375,-57.8125,-2.375
1541872967138403,-16.5625,-41.6875,1.4375
1541872967159383,-19.0625,-37.625,2.25
1541872967185405,-19.875,-35.9375,3.3125
1541872967204421,-15.875,-35.75,2.875
1541872967214412,-13.125,-35.0625,-0.4375
1541872967237450,-11.625,-35.3125,-1.8125
1541872967288489,-9.1875,-35.125,-3.375
1541872967289491,-6,-34.625,-3.1875
1541872967310544,-2.5,-34.6875,-1.25
1541872967313511,-0.375,-34.6875,0.8125
1541872967462634,2.4375,-32.8125,2.75
1541872967499656,3.5625,-30.125,4.875
1541872967549705,-0.625,-6.0625,5.6875
1541872967574723,-0.75,-4.8125,5
1541872967775927,0.75,-10.625,3.25
1541872967778891,3.0625,-12.5,2.625
1541872967815924,5.875,-25.3125,-5.3125
1541872967888020,5.4375,-26.0625,-5.5625
1541872967889980,6.9375,-27.0625,-4.75
1541872967912003,5.4375,-28.1875,-3.9375
1541872967927016,3.5625,-28.6875,-4.9375
1541872967964030,2.875,-29.9375,-5.1875
1541872968016126,3.25,-30,-5.875
1541872968037108,3.875,-33.3125,-4.4375
1541872968071136,7.9375,-37.4375,-2.3125
1541872968113151,8.75,-37.6875,-1.375
1541872968211251,11.875,-40.375,-2.1875
1541872968332335,18.0625,-48.5625,-3.875
1541872968413417,16.875,-47.8125,-3.75
1541872968473466,19.4375,-45.0625,-4.6875
1541872968541516,7.8125,-30.5625,-3.6875
1541872968549529,-0.25,-32.9375,-1.8125
1541872968748693,-7.25,-42.75,0.125
1541872968780721,-3.8125,-47.375,2.125
1541872968783703,-2.5,-50.4375,4.3125
1541872968805720,17.375,-47.625,6.75
1541872968847811,15.125,-45.375,2.875
1541872968850776,12.375,-44.5625,1.3125
1541872968917815,10.625,-44.0625,0.375
1541872968938842,7,-44.0625,-0.8125
1541872968961870,6.125,-44.5,-1.6875
1541872969041971,8.5625,-43.9375,-0.3125
1541872969067992,10.1875,-42.75,1.5
1541872969193060,-1.125,-37.875,6.3125
1541872969223068,-10.875,-36.5,4.9375
1541872969253109,-8.5,-36.0625,-0.375
1541872969306152,-5.5625,-36.375,3.6875
1541872969308149,-3.625,-32.25,5.3125
1541872969314159,-5,-31,6.3125
1541872969326164,-2,-30.5625,5.1875
1541872969344164,2.5625,-29.4375,4.5
1541872969381196,8.5625,-29.4375,6.25
1541872969386218,10.4375,-29.9375,8.5
1541872969408236,12.25,-30.125,8.6875
1541872969442246,14.6875,-30.1875,9.1875
1541872969455257,14.125,-31.1875,10.8125
1541872969501313,11.875,-28,11.5625
1541872969503297,9.4375,-23.0625,10.3125
1541872969532334,6.125,-19.3125,8.875
1541872969554349,5.1875,-16.3125,7.1875
1541872969621414,5.6875,-14.1875,5.625
1541872969749513,5.6875,-12.875,3.6875
1541872969755557,6.5625,-11.625,3.125
1541872969772520,6.5625,-24.3125,-1.75
1541872969793550,2.25,-21.625,-4
1541872969807547,4.4375,-15.5,-9.0625
1541872969854605,3.875,-7.8125,-15.5625
1541872969876603,5.0625,2.3125,-20.0625
1541872969878624,5.1875,6.75,-18.125
1541872969899638,10.25,9.0625,-18.4375
1541872969920655,12.0625,9.5,-15.9375
1541872969952667,0.25,12.75,-12.5625
1541872970056762,-3.4375,18.625,-9.75
1541872970078790,-0.3125,19.9375,-4.6875
1541872970098806,1.8125,28.6875,6.5625
1541872970257937,1.9375,29.125,5.5625
1541872970303974,-2.5625,28.5,4.625
1541872970325974,-4.6875,11.9375,11.5625
1541872970386043,-9.6875,2.5,11.875
1541872970389040,-10.125,-0.5,11.3125
1541872970425069,-9.875,-3.5,12.0625
1541872970476116,-11.9375,-5.6875,12.625
1541872970499135,-2.375,-0.3125,-1.5
1541872970505141,-6.375,-1.75,-4.0625
1541872970538167,-4.125,-2.75,-2.375
1541872970559171,-3.875,-3.75,-0.5625
1541872970574181,0.5625,-2.3125,-0.9375
1541872970576199,8.1875,-0.4375,-0.6875
1541872970590191,11.75,1.6875,0
1541872970625230,10,2.8125,0.0625
1541872970643253,8.25,2.75,-1.0625
1541872970648258,7.6875,-2.5,-1.5
1541872970664252,7.875,-9.875,0.4375
1541872970729325,7.375,-5.125,-1.8125
1541872970844401,4.4375,10.5,-7.375
1541872971084618,12.3125,17.375,-15.5
1541872971121683,-2.8125,5.9375,-10.1875
1541872971123631,-1.25,-2.3125,-12.875
1541872971137642,-1.75,-7.3125,-9.9375
1541872971142649,-11.75,-5.4375,-7.875
1541872971196707,-4.1875,-1.375,-6.6875
1541872971291789,-3.4375,-3.0625,-4.8125
1541872971352821,9.25,-12.625,-2.125
1541872971363848,5.125,-16.5625,-3.375
1541872971392854,6.4375,-7.1875,-1.0625
1541872971413924,3.75,-8.5625,-2.4375
1541872971415890,6.5,-11.9375,-1.6875
1541872971429890,6.0625,-13.625,0.0625
1541872971450922,5.375,-13.6875,2.125
1541872971464922,4.3125,-14,3.375
1541872971487941,2.375,-14.8125,3.625
1541872971525974,1.125,-18,3.625
1541872971648082,-1.5,-19.5625,2.75
1541872971699125,-3.375,-17.5625,1.5625
1541872971735155,-3.9375,-10.9375,4.6875
1541872971745145,-5.9375,-11.3125,8.625
1541872971760176,-8.0625,-10.0625,8.625
1541872971765160,-9.4375,-10.125,11.3125
1541872971788180,-8.125,-11.875,14.875
1541872971811216,-7.5,-12.5625,17.8125
1541872971833216,-7.8125,-12.125,19.125
1541872971862259,-8.375,-12.5,19.125
1541872971871266,-12.25,-15.5,20.4375
1541872971892280,-14.25,-18.8125,20.6875
1541872971908277,-4.4375,-22.5,19.25
1541872971931306,1.375,-26.625,20.0625
1541872971961337,-3.5625,-22.75,18.125
1541872971968329,-2.5625,-18.6875,15.3125
1541872971991346,-5.125,-19.0625,14.1875
1541872972012366,-10.25,-17.75,11.5
1541872972043408,-9.6875,-15.5625,8.3125
1541872972086443,-8.75,-14.3125,5.4375
1541872972120453,-10.375,-15.75,4.8125
1541872972164491,-5.5625,-15.25,4.3125
1541872972186527,7.25,-10.125,0.5625
1541872972312630,9.875,-6.625,-4.5625
1541872972314622,4.25,-7.125,-5.0625
1541872972321636,-5.0625,-5.375,-3.8125
1541872972345657,0.3125,-6.0625,-1.6875
1541872972365656,2.1875,-7,-0.9375
1541872972373680,4.3125,-7.4375,0.4375
1541872972418708,5.375,-8.0625,2.8125
1541872972435732,7.5625,-8.375,4.5625
1541872972448723,7.3125,-6.9375,5.5625
1541872972450743,7.25,-4.3125,5.4375
1541872972454742,9.3125,-2.625,4.6875
1541872972501787,10.3125,-2.125,6.6875
1541872972509783,10.5625,1.4375,6.75
1541872972545822,10.25,5.875,6.875
1541872972547824,12.3125,8.8125,6.4375
1541872972560825,12.8125,8.1875,4.75
1541872972573881,12.875,6.125,3.3125
1541872972603870,14.625,3.5,3
1541872972630893,14.3125,0.4375,3
1541872972642902,13.75,-1,1.375
1541872972655913,11.25,-2.3125,0.875
1541872972688921,8.5,-0.5625,0.5
1541872972693927,10.5,6.9375,-1.8125
1541872972715998,5.5625,13.0625,-4.375
1541872972748024,1.9375,12.25,-5.9375
1541872972753993,2.8125,10.4375,-4.1875
1541872972778999,5.3125,11.3125,-1.9375
1541872972802053,2.5,10.3125,0.5625
1541872972830057,6.25,7.9375,0.5
1541872972853077,2.625,0.875,3.0625
1541872972859081,-2.5625,-7.5,8.1875
1541872972875073,-5.6875,-18.8125,10.75
1541872972904117,-3.375,-30.875,11.6875
1541872972919129,-1.5625,-40.875,11.0625
1541872972937145,-0.0625,-36.9375,3.9375
1541872972989187,-0.9375,-25.6875,-4.8125
1541872972991171,-4.625,-17.9375,-9.75
1541872972997193,-4.3125,-18.1875,-9.375
1541872973019211,0.375,-16.4375,-10.75
1541872973050219,0.5,-10.9375,-12.75
1541872973055230,0.25,-2.9375,-12.5625
1541872973076259,1.75,3.5625,-10.9375
1541872973099272,2.4375,8.4375,-8.625
1541872973123288,2.6875,7.375,-5.4375
1541872973136308,3.125,4.3125,-2.9375
1541872973176333,3,1.4375,0.1875
1541872973178343,2.125,-3.9375,3.0625
1541872973206348,0.8125,-9,4.8125
1541872973222361,0.875,-12.5625,6.5625
1541872973237382,1.1875,-16.75,8.1875
1541872973256404,5.6875,-24.5,6.5625
1541872973278427,4.9375,-34.0625,5.1875
1541872973296439,-0.5,-40.6875,4
1541872973319439,-0.25,-45,6.1875
1541872973338475,3.625,-35.375,4.4375
1541872973378491,1.75,-25.5625,2.9375
1541872973383495,-2.375,-17.875,2.6875
1541872973400509,-4.5,-10.1875,2.375
1541872973431551,-5.0625,-0.3125,4.4375
1541872973439559,-4.4375,10.1875,5.5625
1541872973469578,6.5625,20.625,1.375
1541872973535618,15.8125,26.375,-0.9375
1541872973560658,23,32.125,-5.75
1541872973612701,-0.6875,42,-18.5
1541872973633718,-7.875,38.4375,-21.9375
1541872973636717,-14.8125,36.5,-22.0625
1541872973695769,-12,26.5625,-18.3125
1541872973708780,-1.9375,13.9375,-8.1875
1541872973716786,13.0625,10.3125,13.625
1541872973739797,15.3125,31.4375,11.8125
1541872973785839,10.9375,41.6875,11.625
1541872973822870,6.125,37.5,10.625
1541872973844891,7.1875,39.875,11.875
1541872973866946,1.25,44.125,7.625
1541872973896935,-1.3125,39.8125,8.9375
1541872973898927,-5.4375,31.625,8.125
1541872973971998,-10.75,23.0625,4.1875
1541872973973980,-24.125,16.125,-1.375
1541872973987995,-9.9375,-14.75,-19.625
1541872973993010,-1.9375,-25.3125,-16
1541872974016018,3.625,-29.9375,-10.625
1541872974037051,6.1875,-29.375,-5.8125
1541872974060060,7.1875,-24.625,-3.1875
1541872974077083,6.5,-20.125,-0.1875
1541872974097100,4.375,-16.875,0.375
1541872974113113,2.5625,-15.3125,0.5625
1541872974136128,-1.1875,-15.6875,2.4375
1541872974158183,-3.375,-18.625,5
1541872974173162,-7.25,-21.4375,7.1875
1541872974196181,-7.25,-21.6875,7.4375
1541872974218180,-8.0625,-18,6.875
1541872974242216,-8.125,-12.1875,4.375
1541872974295264,-7.8125,-10.8125,4
1541872974301269,-8.875,-12.25,3
1541872974316280,-7.75,-14.25,1
1541872974346326,-2.0625,-11.8125,3.0625
1541872974368304,-0.3125,-10.6875,6.75
1541872974376331,-0.5,-10.875,9.375
1541872974398329,1.3125,-11.1875,10.5625
1541872974413347,0.5625,-9.3125,12.125
1541872974444384,0.4375,-3.75,14.625
1541872974467386,-4.25,1.9375,17.8125
1541872974487422,-7,4.75,19.5625
1541872974496420,-2.3125,6.3125,19.5
1541872974518427,2.4375,7.4375,18
1541872974547454,8.5625,10.9375,15.0625
1541872974565481,14.5,13.4375,12.75
1541872974579498,13.1875,13.1875,10.75
1541872974601517,12.6875,13.3125,4.9375
1541872974654559,5.625,15,-5.9375
1541872974676577,-5.875,18.1875,-15.8125
1541872974704601,-15.375,18.125,-20.25
1541872974731622,-16.375,15.875,-18.25
1541872974835708,-14.5625,13.75,-16.25
1541872974915784,-10.75,10.4375,-14.125
1541872974940812,2.8125,9.9375,0.25
1541872974986834,-2.9375,-4.875,-5.1875
1541872974991820,0.75,-8.9375,-5.0625
1541872975013856,4.5,-13.125,-4.625
1541872975019860,5.6875,-16.1875,-4.625
1541872975036854,10.1875,-19.4375,-3.9375
1541872975058892,10.3125,-21.3125,-2.75
1541872975080902,8.1875,-22.75,-2.8125
1541872975095913,5.1875,-24.625,-2.75
1541872975118942,0.375,-28.4375,-2.6875
1541872975140957,1.0625,-30.0625,-3.875
1541872975155967,0.1875,-26.625,-6.4375
1541872975180994,3.1875,-19.6875,-8.625
1541872975200992,2.5625,-18.25,-9.625
1541872975224029,4.875,-23,-7.5625
1541872975246028,7.625,-30.25,-5.1875
1541872975261040,10.1875,-32,-2.75
1541872975300091,8.3125,-29.9375,-1.4375
1541872975359140,3.4375,-26.625,-1.875
1541872975362138,0.8125,-27.8125,-2.4375
1541872975383140,-1.375,-33.5625,-1.25
1541872975404177,-0.5,-34.9375,0.3125
1541872975406160,3.5,-31.5,-5.875
1541872975426179,4.875,-31,-6.4375
1541872975449214,6.5625,-36.75,-3.25
1541872975464226,4.1875,-37.3125,0.125
1541872975479221,6.3125,-35.25,2.5
1541872975501257,1.5,-32.125,7.8125
1541872975539288,6.4375,-31.3125,10.1875
1541872975541270,12.5625,-34,8
1541872975571299,11.8125,-37.1875,7.5
1541872975616333,8.5,-36.0625,7.4375
1541872975645375,8.5625,-25.625,4.5
1541872975665393,6.1875,-16.5625,0.6875
1541872975697414,6.625,-8.5625,-0.75
1541872975720434,5.3125,-11.3125,0.3125
1541872975741490,3.3125,-12.3125,0.6875
1541872975747460,0.25,-11.3125,-5.5
1541872975773481,-0.625,-16.0625,-7.3125
1541872975786473,2,-16.8125,-6.5625
1541872975824558,2.4375,-13.5625,-4.875
1541872975826507,7.75,-12.875,-2.625
1541872975847524,10.9375,-15.875,-0.875
1541872975867562,10.25,-14,0.6875
1541872975899584,8.6875,-8.5,1.6875
1541872975901568,4.8125,-3.875,1.5
1541872975926607,2.6875,-2.125,2.5625
1541872975953622,-0.75,-3.125,3.125
1541872975967622,-1.5,-2.9375,2.5625
1541872975981645,-7.875,-3.9375,2.1875
1541872976004672,-12.125,-4.9375,1.1875
1541872976042705,-13,-6.75,0.625
1541872976054749,-13.875,-11.1875,1
1541872976063712,-13.375,-19.625,2.8125
1541872976078733,-6.75,-28.625,4.8125
1541872976102753,-3.4375,-33.375,7.3125
1541872976123751,-1.8125,-35.0625,11.3125
1541872976153795,-0.3125,-26.6875,14
1541872976169843,3.3125,-7.75,12.9375
1541872976191833,-5.375,-0.625,13.375
1541872976204838,1.3125,7.625,9.4375
1541872976251912,5.125,8.8125,6.6875
1541872976253875,2.1875,4.5625,6.9375
1541872976492054,1.375,2.375,6.5
1541872976515084,0.25,4.25,3.9375
1541872976545107,6.75,19.1875,12.1875
1541872976589189,7.125,22.0625,9.875
1541872976595154,-3.5,23.8125,1.9375
1541872976621181,-8.375,25.1875,-5.5625
1541872976664196,-13.125,23,-8.125
1541872976672222,-19.5,18,-8.0625
1541872976694267,-18.625,13,-6.875
1541872976716238,-18.5,9.5,-8.4375
1541872976725266,-16.8125,5.0625,-8.3125
1541872976745281,-13.875,2.25,-9.375
1541872976769286,-9.625,-1.1875,-8.75
1541872976791319,-4.9375,-5.25,-7.5625
1541872976822337,-2.1875,-7.875,-7.4375
1541872976824347,-2.5,-9.4375,-8.0625
1541872976845365,-1.0625,-10.3125,-10.375
1541872976864381,-3.125,-11.125,-12.75
1541872976897442,-5.9375,-10.6875,-12.4375
1541872976898394,-7.75,-11.625,-10.375
1541872976919414,-5.6875,-12.5,-7.9375
1541872976935439,-3.5625,-13.6875,-6.0625
1541872976946447,-1.375,-15.625,-4.4375
1541872976969466,1,-16.625,-3
1541872976991485,2.8125,-16.5625,-1.9375
1541872977009490,4,-15.3125,-2.0625
1541872977039507,4.25,-13.4375,-3.125
1541872977060543,4.9375,-12.1875,-2.875
1541872977066547,3.875,-11.3125,-2.625
1541872977089566,3.6875,-10.625,-3
1541872977114567,4.3125,-10,-3.375
1541872977135595,4.6875,-10.1875,-4.5625
1541872977156621,5.5,-11.25,-4.25
1541872977171633,5.0625,-12.25,-3.875
1541872977189639,6.0625,-12.25,-3.375
1541872977211667,5.25,-13.125,-2.6875
1541872977243676,4.125,-14.875,-1.625
1541872977262709,4.5,-16.0625,-0.9375
1541872977285764,4.8125,-18.25,-0.75
1541872977316774,4.875,-22.375,-0.375
1541872977318737,4.5625,-27.1875,0.875
1541872977339771,5.0625,-26.375,0.5625
1541872977414834,4.8125,-22.4375,0.4375
1541872977435886,2.625,-20.125,1
1541872977564977,2.0625,-14.8125,-1.1875
1541872977566955,1.5625,-13.0625,-2.4375
1541872977580952,4.3125,-8.0625,-5.6875
1541872977615999,6.5,-3.9375,0.5625
1541872977708075,5.75,-2.9375,1
1541872977782135,6.75,-3.5,1.125
1541872977850173,4.875,-7.8125,3.5
1541872977858195,4.25,-9.25,1.375
1541872977916246,3.125,-13.0625,3.125
1541872977999302,2.9375,-18.375,4.1875
1541872978065370,1.875,-22.8125,5.8125
1541872978173450,4.1875,-5.5625,0.6875
1541872978246519,4.6875,6.125,-1.5625
1541872978323584,4.6875,5.0625,-1.875
1541872978376621,4.625,1.1875,0.1875
1541872978398626,4.5625,-2.5625,2.125
1541872978450686,4.25,-9,3.75
1541872978451673,4.3125,-11.3125,4.625
1541872978507733,4.625,-15.8125,5.375
1541872978522747,2.4375,-9.4375,2
1541872978548768,1.875,-3.875,1.125
1541872978561779,5.0625,-1.4375,0.1875
1541872978584778,5.375,-3.5,1.375
1541872978599807,3.625,-3.25,1.1875
1541872978637829,1.9375,-3.9375,2.1875
1541872978671869,1.6875,-5.75,3.3125
1541872978713904,2.0625,-7.0625,4.625
1541872978749934,1.4375,-8.125,5.125
1541872978751917,-1.75,-7.25,1
1541872978765946,-2.5625,-4.1875,0.8125
1541872978786964,-2.4375,-4.125,-0.25
1541872978789962,-2.4375,-7.5625,-0.375
1541872978840008,-1.5625,-9.4375,0.8125
1541872978841990,0.25,-9.1875,1.1875
1541872978863009,0.25,-8.6875,2.4375
1541872978884032,0.5625,-8.1875,4.3125
1541872978915069,1.4375,-7.4375,5.375
1541872978937123,0.5625,-7.5625,6.0625
1541872978940088,2.375,-8.5625,5.125
1541872978991113,1.75,-9.0625,4.1875
1541872979013150,1.375,-5.5625,2.25
1541872979085210,1.25,-4.375,2.1875
1541872979141257,2.6875,-5.4375,2.3125
1541872979163276,1.125,-6.9375,2.5
1541872979236369,-0.625,-20.5,4.5
1541872979290359,1.0625,-11.3125,1.875
1541872979310395,-0.4375,-5.8125,-0.1875
1541872979418465,2.4375,-11.1875,2.0625
1541872979419466,4.5,-11.0625,4.375
1541872979441504,3.25,-10.9375,4
1541872979514601,4.5,-2.125,-0.375
1541872979516557,4.1875,-3.75,0.4375
1541872979567599,4.9375,-5.3125,-0.4375
1541872979569609,3.3125,-10,-1.4375
1541872979591666,2.9375,-13.0625,-0.5625
1541872979592610,2.6875,-15.125,0
1541872979618652,1.25,-18.4375,0.6875
1541872979620653,-1.5625,-21.75,1.375
1541872979634673,-2.75,-26.9375,3.1875
1541872979657663,-2.4375,-31.75,4.25
1541872979671674,-2.8125,-34.5625,5.0625
1541872979692746,-4.3125,-35.0625,4.9375
1541872979708718,-4.1875,-36,4.875
1541872979747752,-4.375,-35.625,5.4375
1541872979768774,-5.25,-35.6875,5.0625
1541872979771776,-3.25,-38.5625,6.75
1541872979791793,-5.3125,-43.25,9.6875
1541872979890874,-5.0625,-43.625,11
1541872979919898,-5.6875,-42.375,10.75
1541872979942897,-7,-43.4375,8.375
1541872979986953,-5.8125,-45.375,10.5
1541872979989951,-3.3125,-46.375,11.625
1541872979995953,-2.9375,-44.5625,11.3125
1541872979999963,-4.6875,-43.6875,10.8125
1541872980014967,-9.6875,-44.25,12.375
1541872980037995,-15.3125,-44.5625,16.125
1541872980053995,-19.9375,-42.5625,19.3125
1541872980077028,-17.875,-41.5,20.9375
1541872980092039,-18.75,-40.625,20.4375
1541872980114040,-9.125,-36.875,16.875
1541872980135075,3.5625,-26.5,12.125
1541872980152089,15.5,-14.8125,9.375
1541872980188120,16.1875,-8.0625,6.5625
1541872980196120,6.5,-3.6875,2.5
1541872980212138,-6.375,2.4375,-3.5625
1541872980250173,-13.0625,8.9375,-9.0625
1541872980263208,-18.8125,13.125,-12.125
1541872980279174,-23.5625,12.75,-12.5
1541872980300211,-24.125,10.625,-12.0625
1541872980340279,-19.9375,8.625,-9.125
1541872980342246,-11.625,6.875,-3.25
1541872980356254,-0.25,6.0625,3.8125
1541872980375308,5.1875,5.4375,10.9375
1541872980392279,9.0625,5.75,17.75
1541872980414305,10.75,7.125,21.3125
1541872980452336,10.9375,11.125,22.0625
1541872980454333,8.3125,14.8125,20.5
1541872980474354,4.1875,15.9375,18
1541872980496409,4.75,14.625,14.3125
1541872980526411,3.4375,12.3125,9.875
1541872980550427,-2.5,9.0625,6.1875
1541872980555421,-6.75,5.3125,2.875
1541872980577439,-7.625,2.6875,0
1541872980624478,-10.125,0.9375,-2.625
1541872980627481,-1.9375,-0.875,-8.5
1541872980633481,-4.5625,-5.375,-7.75
1541872980654521,-5.1875,-11.75,-4.625
1541872980676507,-6.0625,-20.25,0.0625
1541872980699539,2.875,-26.875,3.875
1541872980728563,4.875,-33.1875,5.5
1541872980753566,3.3125,-38.0625,6.625
1541872980759586,4.5,-35.625,6.25
1541872980774637,5.75,-29.5625,3.5625
1541872980804629,3.1875,-27.375,2.75
1541872980826625,1.6875,-29.625,3.25
1541872980834654,4.6875,-31,3
1541872980856661,5.5,-31.4375,3.125
1541872980879729,3.25,-33.0625,3.9375
1541872980901687,3.6875,-34.6875,4.25
1541872980939738,5,-36.375,4.8125
1541872980942721,6.6875,-34.5,3.8125
1541872980955732,14.25,-33.1875,0.125
1541872980976759,9.6875,-29.75,-2.1875
1541872981005789,6.0625,-26.875,-0.4375
1541872981014797,7.4375,-26.9375,2.8125
1541872981036800,11.5625,-28.8125,3.75
1541872981057835,12.6875,-29.625,3.1875
1541872981081835,11.8125,-29.8125,2
1541872981103854,13.3125,-29.5625,0.6875
1541872981117920,12,-28.375,0.0625
1541872981135888,11.75,-28.3125,0.4375
1541872981156899,12.75,-29.25,0.0625
1541872981177934,12.375,-29.0625,-1.1875
1541872981193947,15.0625,-25.6875,-2.875
1541872981216967,14.1875,-21.6875,-4.75
1541872981238020,11.0625,-20.3125,-6.375
1541872981253988,13.9375,-20.375,-7.5
1541872981277032,15.4375,-20.75,-8.75
1541872981298028,15,-22.3125,-9.875
1541872981314043,14.9375,-23.8125,-11.3125
1541872981320051,13.6875,-25.5625,-10.875
1541872981342069,16.25,-27.5625,-8.875
1541872981368126,17,-30.8125,-7.5625
1541872981396114,19.375,-34.4375,-7.75
1541872981402102,17.875,-37,-9.6875
1541872981442188,16.875,-40,-9.125
1541872981444136,16.3125,-43.5625,-6.25
1541872981464150,6.4375,-50.625,-2.625
1541872981488171,1.75,-57.9375,-1.9375
1541872981500196,5.5625,-64.6875,-1.9375
1541872981530221,1.3125,-70.875,-3.125
1541872981560249,10.3125,-75.3125,-4.0625
1541872981586257,17.8125,-76.875,-1.625
1541872981591275,20.5625,-74.875,1.25
1541872981613293,18.625,-69.5,2.875
1541872981636348,19.375,-60.5625,3.4375
1541872981642317,18.75,-50.8125,2.9375
1541872981667331,16.0625,-46.0625,3
1541872981687354,9.8125,-43.4375,5.375
1541872981702347,7.0625,-42.9375,8.75
1541872981724384,8.875,-42.1875,11.5
1541872981739396,9.75,-39.5,12.0625
1541872981780411,7.0625,-35,10.5625
1541872981787418,6.3125,-30.625,7.25
1541872981799429,7.8125,-26.9375,3.0625
1541872981822465,8.875,-23.6875,-0.3125
1541872981840461,8.375,-22,-2.375
1541872981859531,6.625,-21.5625,-3.875
1541872981882514,6.25,-20.375,-5.4375
1541872981907515,5.3125,-17.9375,-5.3125
1541872981919581,4.9375,-14.4375,-4.75
1541872981942564,2.5,-10.6875,-3.875
1541872981960579,1.4375,-6.5,-3.625
1541872981979595,1.375,-0.4375,-5.375
1541872982002614,-2.9375,4.125,-5.125
1541872982020629,-3,5.3125,-4.25
1541872982039644,-7.5,6.5,-1.875
1541872982062646,-4.5,8.375,-0.375
1541872982080669,-2.625,9.4375,0.1875
1541872982099695,-1.5625,10.125,-0.3125
1541872982122714,-0.0625,11.25,-0.0625
1541872982140718,1.375,13.125,0.375
1541872982159742,-0.375,13.3125,-0.5
1541872982182762,-4.1875,13.375,-0.375
1541872982200758,-2.125,12.9375,0.5
1541872982221774,-6.875,11.9375,1.875
1541872982242803,-7.9375,11.0625,3.0625
1541872982259825,-8.4375,10.3125,3.5625
1541872982279878,-10.4375,8.0625,4.375
1541872982301860,-10.25,5.1875,4.9375
1541872982319870,-9.875,1.6875,5.0625
1541872982340892,-8.6875,-2.8125,5.875
1541872982361910,-10.875,-3.8125,7
1541872982385924,-10.75,-0.9375,6.1875
1541872982400936,-11.5,-0.0625,5.1875
1541872982421959,-10.5,-0.9375,4.8125
1541872982439956,-10.875,-2,5.4375
1541872982460988,-9.25,-2.4375,6.5625
1541872982482009,-8.1875,-1.5,6.75
1541872982500005,-8.4375,0.625,5.5625
1541872982529030,-10.0625,1.875,4.625
1541872982542058,-9.8125,1,5.125
1541872982560063,-9.5,-0.875,6.6875
1541872982581074,-7.375,-2.25,9.75
1541872982602108,-4.875,-2.4375,11.9375
1541872982621123,-3.9375,-2.125,14.6875
1541872982643142,-2.5,-2.625,18.375
1541872982665155,-2.1875,-2.3125,23.3125
1541872982726206,-8.6875,-1.6875,28.0625
1541872982755273,-18.625,1.125,31.3125
1541872982778234,-0.25,11,28.6875
1541872982805275,7.875,18.375,22.875
1541872982831292,12.0625,24.875,16.3125
1541872982852349,7.875,29.1875,10.75
1541872982905357,-5.5625,38.5,-8.125
1541872982907340,-19.625,36.125,-10.3125
1541872982921351,-22.8125,34.375,-11.9375
1541872982927372,-26.0625,27.1875,-9.875
1541872982973405,-23.0625,21.5625,-6.625
1541872982980419,-12.0625,15.375,-3.5625
1541872982993430,-0.6875,10,-1.25
1541872983009424,9.4375,5.1875,1.1875
1541872983030461,15.0625,1.75,2.625
1541872983039459,16.1875,0.875,3.125
1541872983062469,17.0625,2,3.4375
1541872983084505,17.6875,1.625,3.875
1541872983107525,14.0625,0.4375,2.625
1541872983128542,9.3125,-0.875,0.5
1541872983143587,5,-2.625,-1.3125
1541872983159558,0.5,-3.6875,-3.6875
1541872983181584,-0.25,-5.125,-5.4375
1541872983202602,-1.625,-6.8125,-6.9375
1541872983219616,-3.1875,-8.125,-8.3125
1541872983241635,-3.625,-9.75,-8.625
1541872983262652,-2.375,-12.75,-6.75
1541872983285670,0.3125,-16.9375,-3.625
1541872983301664,2.5,-19.4375,0.0625
1541872983322737,4.6875,-22.3125,4.125
1541872983339698,7.9375,-25.3125,6.75
1541872983361714,9.0625,-29.1875,8.4375
1541872983382751,11.8125,-34.5625,10.25
1541872983398755,13.9375,-39.0625,11.75
1541872983422784,14.125,-41.9375,12.5625
1541872983444801,14.875,-46.1875,12.6875
1541872983458795,15.6875,-52.125,11.375
1541872983481829,12.875,-59.625,7.75
1541872983527905,13.4375,-67.125,3.9375
1541872983529852,15.0625,-72.8125,1.6875
1541872983549908,9.875,-77.9375,2.125
1541872983570905,4.1875,-83.6875,3.25
1541872983579913,1.4375,-89.3125,3.9375
1541872983601911,-6.6875,-94.75,-0.3125
1541872983624932,-10.0625,-97.8125,-7.1875
1541872983638962,-8.25,-101.063,-10.5625
1541872983661972,-7.9375,-102.625,-11.125
1541872983684999,-9.3125,-104.563,-10.875
1541872983699011,-9.5,-106.125,-8.9375
1541872983722021,-6.1875,-106.438,-5.3125
1541872983744031,-4.8125,-105.5,-1.5625
1541872983766047,-5.1875,-104.063,1.5625
1541872983782061,-0.1875,-103.5,3.5625
1541872983805098,3,-102.75,3.9375
1541872983826108,5.25,-100.063,3.125
1541872983842128,6.9375,-96.3125,2.0625
1541872983865145,8.875,-93.625,2.25
1541872983886163,8.9375,-92.25,3
1541872983902160,7.0625,-88.8125,2.8125
1541872983924197,3,-83.375,2.25
1541872983945215,-0.5625,-78.4375,1.75
1541872983970226,-2.1875,-73.5,1.3125
1541872984000241,-5.125,-70.1875,1.1875
1541872984005247,-9.25,-67.25,1.3125
1541872984029307,-12.5,-65.25,1.625
1541872984044287,-14,-63.875,3.25
1541872984067314,-16.125,-62.5,5.6875
1541872984089330,-15.6875,-60.8125,7.8125
1541872984112369,-16.25,-61,9.75
1541872984125363,-16.5,-62.375,10.6875
1541872984142372,-16.5625,-64.125,11.75
1541872984164393,-17.8125,-67.3125,11.25
1541872984185413,-9.3125,-65.875,7.625
1541872984202426,0.0625,-62.75,5.875
1541872984224435,1.8125,-59.6875,4
1541872984246462,6.875,-58.25,5.625
1541872984262477,6.125,-56.6875,6.1875
1541872984284476,6,-53.625,4.75
1541872984305512,9.3125,-49,4.3125
1541872984329511,9.8125,-46.1875,5.1875
1541872984344524,7.75,-44.375,5.5625
1541872984365560,3.8125,-42.1875,6.5625
1541872984389576,1.375,-38.125,7.75
1541872984412595,-0.0625,-33.8125,8.5
1541872984425609,-0.5,-29.8125,8.5625
1541872984441624,-1.3125,-25.75,7.6875
1541872984464623,-2.25,-22.75,7
1541872984494648,-4.1875,-20.5625,6.5
1541872984502660,-6.0625,-17.1875,6.25
1541872984524691,-6.9375,-14.375,6.125
1541872984547694,-7.1875,-12.25,6.25
1541872984561724,-6.625,-11,6.5
1541872984584740,-5.6875,-9.9375,6.5
1541872984630777,-4.375,-8.375,5.8125
1541872984635786,-2.75,-7.25,5.0625
1541872984651790,-2.0625,-6.125,4.5
1541872984674815,-1.6875,-5.0625,3.9375
1541872984695870,-1.5,-3.9375,3.5
1541872984704826,-1.4375,-2.75,3.4375
1541872984726839,-1.0625,-2.375,3.4375
1541872984741871,-0.3125,-2.4375,2.875
1541872984764890,0.5625,-2.75,2.375
1541872984786889,2.0625,-3.5,2
1541872984801920,3.5,-3.6875,1.375
1541872984824939,5.25,-3.5,1
1541872984854963,6.125,-3.5,0.9375
1541872984861969,7.5,-3.4375,1.4375
1541872984884988,8.5,-3.0625,2.25
1541872984906998,8.375,-2.3125,3.3125
1541872984930026,8.25,-1.1875,3.6875
1541872984952024,8.4375,0,3.1875
1541872984967039,7.4375,0.5,2.75
1541872984982065,6.875,0.6875,2.3125
1541872985005123,7,1.75,1.6875
1541872985035092,7.0625,2.25,1.75
1541872985048158,7.0625,2,1.4375
1541872985065138,7.25,1.6875,1.0625
1541872985087136,6.0625,1.0625,1.3125
1541872985108172,5.4375,0.6875,1.625
1541872985132173,5.75,0.25,1.625
1541872985155205,6.125,0.1875,1.8125
1541872985170241,5.4375,0.25,1.5625
1541872985185228,5.5,-0.125,1.4375
1541872985207235,5.0625,-1,1.8125
1541872985228274,6.75,-2.6875,1.875
1541872985252295,8.375,-3.375,1.8125
1541872985267298,8.9375,-3.1875,1.0625
1541872985288321,9,-2,0.8125
1541872985310339,8.625,-1.375,0.6875
1541872985327353,7.8125,-1.3125,0.25
1541872985355375,7.6875,-0.9375,-0.5
1541872985364387,7.4375,-0.8125,-1.5
1541872985394389,7.0625,0,-2.75
1541872985409425,5.4375,0.5625,-4.75
1541872985432440,4.5625,0.75,-6.1875
1541872985454439,3.375,-0.3125,-6.6875
1541872985468504,3.625,-1.4375,-7.25
1541872985484465,4.375,-2.8125,-7.6875
1541872985507482,5.1875,-3.3125,-8.125
1541872985529501,6.8125,-3.8125,-8.8125
1541872985552539,8.5625,-6,-8.6875
1541872985574540,8.9375,-8.375,-6.9375
1541872985590605,12.5625,-9.75,-5.5
1541872985606578,15.3125,-10.6875,-4.1875
1541872985627581,14.1875,-12.375,-4.3125
1541872985649599,18.3125,-13.8125,-4.375
1541872985670671,21.4375,-15.9375,-4.3125
1541872985687650,20.8125,-17.5,-3.9375
1541872985709651,21.6875,-19,-4.125
1541872985730685,19.4375,-20.75,-4.6875
1541872985747699,16.1875,-22.0625,-6.0625
1541872985769699,14.6875,-21.375,-8.0625
1541872985782728,8.25,-20.4375,-9.875
1541872985797740,3.5,-19,-12.5
1541872985812755,-2.375,-17.6875,-15.9375
1541872985837771,-6.1875,-16.125,-18.0625
1541872985869802,-7.5625,-15.1875,-17.1875
1541872985873797,-8.875,-13.9375,-14.875
1541872985894820,-9.125,-12.4375,-13.6875
1541872985918831,-7.9375,-12.375,-11.625
1541872985932851,-6.4375,-13.5,-9
1541872985954865,-2.875,-14.125,-6.5625
1541872985972866,0.375,-14.875,-4.375
1541872985995904,2.625,-14.6875,-2.125
1541872986023927,3.5625,-14.8125,-1.75
1541872986029932,1.9375,-15.125,-0.125
1541872986052951,1.375,-16.25,1.0625
1541872986077951,2.25,-17.25,3.0625
1541872986098969,4.25,-17.625,6.875
1541872986120006,0.875,-18.1875,9.0625
1541872986135019,-4.375,-18.375,7.875
1541872986152033,-4.4375,-19.0625,7.3125
1541872986176048,-1.875,-19.5625,7.75
1541872986237103,1.8125,-17.6875,8.9375
1541872986251095,0.75,-15.125,8.75
1541872986274133,-1.0625,-11.75,13.0625
1541872986278136,-0.125,-11.25,16.3125
1541872986293149,-0.5,-9.6875,18.25
1541872986323174,-5,-6.5625,17.6875
1541872986332182,-7,-0.5625,13.0625
1541872986356210,0.0625,3.5625,11.6875
1541872986383222,1.4375,3.5,14.375
1541872986392211,6.5625,4.3125,14.3125
1541872986413245,11.25,9,11.75
1541872986435265,12.75,14.625,8.25
1541872986453281,8.375,19,4.5625
1541872986472296,1.25,19.875,0.1875
1541872986495316,-4.5,22.625,-6.25
1541872986513330,-6.6875,26.1875,-10.5625
1541872986532381,-12.25,28.625,-12.5
1541872986555365,-16.0625,28.625,-11.9375
1541872986573380,-14.9375,27.125,-10.0625
1541872986592395,-11.625,25.5,-8.5625
1541872986615449,-7.1875,24.1875,-6.0625
1541872986633428,-2.25,22.0625,-3.75
1541872986652444,-0.125,20.25,-0.1875
1541872986675464,0.5,21.1875,2.5
1541872986697482,1.5625,24.125,3.0625
1541872986720500,0,24.625,3.3125
1541872986735513,0.875,21.0625,5.1875
1541872986753528,1.625,17,8.3125
1541872986772543,3.125,15.25,7.75
1541872986795598,5.4375,14.875,4.625
1541872986813577,1.6875,10.875,0.9375
1541872986840599,0.875,8.0625,-1.25
1541872986850603,1.125,5.75,-2.3125
1541872986873609,7.625,0.875,-2.6875
1541872986892643,3.9375,-5.8125,-1.5625
1541872986910648,3.5,-9.3125,-0.75
1541872986933677,5.125,-11.25,-1.3125
1541872986952692,4.25,-13.625,-1.0625
1541872986970688,0.5625,-16.3125,-0.5
1541872986993762,-1.5,-20.375,-0.6875
1541872987012777,-5.5625,-25.1875,-2.375
1541872987035762,-3.625,-29.25,-4.5625
1541872987053758,-3.0625,-32.6875,-5.25
1541872987074778,-5.25,-34.375,-5.5
1541872987095806,2,-34.3125,-8.6875
1541872987112824,2.375,-34.4375,-11.375
1541872987140834,-2,-33.375,-13.8125
1541872987155851,-1.75,-28.875,-14.5625
1541872987172874,-6.625,-25.1875,-14.1875
1541872987193890,-11.625,-21.4375,-12.0625
1541872987217948,-11.75,-19.4375,-8.0625
1541872987232917,-7.75,-19.125,-4.3125
1541872987253976,-2.5,-17.125,-1.25
1541872987275959,0.4375,-14.75,0.5
1541872987292966,0.3125,-14,1.25
1541872987314007,1.25,-16,3.1875
1541872987330002,-0.75,-17.9375,4.8125
1541872987353003,0.375,-17.4375,5.0625
1541872987374020,1.6875,-15.875,5.375
1541872987390052,2.75,-13.9375,7.3125
1541872987412112,4.8125,-13.25,8.0625
1541872987435090,6.25,-11.375,7.4375
1541872987450102,4.6875,-10.5625,6.6875
1541872987472154,3.1875,-10.375,7
1541872987495122,4.5625,-9.875,9.875
1541872987516157,2.75,-8.875,11.75
1541872987532153,0.625,-8.25,13.625
1541872987555189,-5.75,-8.1875,15.5625
1541872987577203,-5.375,-8,17
1541872987592200,1.25,-6.125,17.4375
1541872987615238,5.0625,-2.75,17.625
1541872987629231,8.5,0.3125,14.6875
1541872987652255,14.25,6.25,9.375
1541872987675283,12.9375,12.0625,5.6875
1541872987689279,6.9375,16.4375,2.5625
1541872987712310,-1.5,20.1875,-1.3125
1541872987735320,-6.6875,25.0625,-5.1875
1541872987763343,-10.4375,29.8125,-8.3125
1541872987772364,-20,31.625,-9.5
1541872987795386,-22.6875,31.5,-10.75
1541872987816439,-20.875,30.75,-12
1541872987840459,-17.5,27.4375,-11.6875
1541872987855432,-10.4375,23.875,-7.8125
1541872987876453,0.0625,19.5,-3.0625
1541872987900473,7.8125,17.3125,-1.625
1541872987915486,10,18.1875,-2.125
1541872987944509,6.5625,18.875,-1.875
1541872987952501,4.375,17.9375,0.4375
1541872987982522,5.5625,14.75,3.8125
1541872987996547,4.75,13.125,5.8125
1541872988012565,2.5,10.8125,6.125
1541872988035581,1.75,6.5625,5
1541872988056592,3.4375,1.875,4.3125
1541872988072615,5.1875,-3.25,3.625
1541872988095621,6,-8.3125,3.1875
1541872988123657,10.375,-11.8125,3.375
1541872988132665,12.75,-14.625,3.875
1541872988155684,13.5625,-18.375,3.875
1541872988177702,14.3125,-22.875,3.4375
1541872988215732,17,-26.9375,3.0625
1541872988217728,14.8125,-31.0625,2.125
1541872988235749,13.4375,-35,1.5625
1541872988251751,11.25,-39.1875,1
1541872988274764,5.625,-41.9375,-1.25
1541872988304787,4.0625,-45.125,-2.0625
1541872988320820,2.9375,-51.625,-3.1875
1541872988342838,6.25,-57,-6.3125
1541872988373856,7,-62.4375,-9.5
1541872988395916,4.3125,-66.375,-12.25
1541872988397865,4.4375,-67.375,-12.875
1541872988423905,5.8125,-67.25,-11
1541872988447925,7.0625,-65.625,-9.0625
1541872988454910,4.875,-63.5625,-8.375
1541872988477984,4.125,-61.875,-6.8125
1541872988515980,4.8125,-61.75,-4.3125
1541872988520965,0.25,-60.6875,-3.75
1541872988537998,0.875,-53.875,-4.625
1541872988567032,-0.6875,-46.9375,-7.25
1541872988577031,1.5625,-44.4375,-9.75
1541872988605035,3.9375,-45.875,-13.125
1541872988666136,-1,-45.9375,-16.25
1541872988668088,-3.1875,-44.5,-14.6875
1541872988674111,-1.4375,-41.875,-12.75
1541872988696110,2.75,-36.3125,-13.625
1541872988701132,6.9375,-31.4375,-12.6875
1541872988734160,9.875,-30.625,-11
1541872988739144,1.375,-29.9375,-11.4375
1541872988763179,-0.5,-29.6875,-12.875
1541872988777196,0.0625,-30.5,-14.1875
1541872988798212,2.6875,-31.6875,-14.3125
1541872988815227,-1.875,-34.25,-12.1875
1541872988845248,-4.6875,-34.3125,-9.625
1541872988860260,4.375,-34.9375,-8.6875
1541872988875276,11.0625,-37.6875,-4.75
1541872988898278,-2.5,-37.6875,-1.25
1541872988921296,-4.6875,-37.0625,0.625
1541872988959326,-3.4375,-34.5,2.375
1541872988963332,-3.6875,-32.6875,3
1541872989018395,-2.5625,-34.4375,7.5625
1541872989020386,-0.6875,-34.4375,6.4375
1541872989034404,6.125,-34.0625,-0.5
1541872989047410,8.375,-32.6875,-12.625
1541872989101449,16.875,-29.25,-22.75
1541872989108449,26.375,-31.4375,-29.9375
1541872989124482,25.5625,-38.5,-32.25
1541872989153489,24.8125,-34.4375,-30.1875
1541872989160512,20.5625,-32.8125,-22.25
1541872989188535,18.625,-33.0625,-11.5
1541872989198542,24.4375,-30.4375,-7
1541872989227557,16.75,-33.5625,-6.8125
1541872989234568,24.4375,-33.5,-2.0625
1541872989257582,14.625,-29.0625,-1.5
1541872989287596,22.0625,-22.4375,0.8125
1541872989294621,22.75,-17.5,-6.1875
1541872989317631,15.875,-14.3125,-12.8125
1541872989363670,12.125,-10.0625,-16.125
1541872989378716,11.25,-3.9375,-18.625
1541872989380689,10.1875,0.8125,-24.3125
1541872989439732,6.0625,4.8125,-33.6875
1541872989506796,-4.5625,6.25,-35.75
1541872989525849,-20.375,9.9375,-55.9375
1541872989537813,-27.9375,2.625,-35.25
1541872989603857,-31.5,-1.125,-23
1541872989625932,-2.3125,-6.6875,-14.25
1541872989630899,17.75,-14.75,-15.5625
1541872989640911,18.0625,-14.1875,-16.875
1541872989660924,27.9375,-14.8125,-16.3125
1541872989690948,46.875,-17.25,-14.3125
1541872989700957,62,-24,-18.4375
1541872989722974,60.5625,-29.875,-29.1875
1541872989737987,41.625,-35.5625,-34.3125
1541872989774017,36,-42.0625,-34.375
1541872989789028,40.0625,-45.3125,-31.875
1541872989798037,57.625,-50.5625,-30.1875
1541872989820045,65.375,-55.375,-33.125
1541872989866129,55.25,-61.375,-40.25
1541872989868076,60.0625,-66.0625,-47.1875
1541872989934144,83.875,-71.6875,-56.125
1541872990001200,104.375,-77.625,-65.8125
1541872990015251,105.875,-96.0625,-86.9375
1541872990037234,61.9375,-114.188,-143
1541872990040235,58.625,-107.563,-146.875
1541872990061253,74.5625,-107.688,-133.625
1541872990113296,69,-94.875,-123.5
1541872990116281,69.4375,-82.5625,-108.5
1541872990122285,77.5,-78.5,-88.375
1541872990142319,77.0625,-65.8125,-75
1541872990172345,45,-43.6875,-62.9375
1541872990211377,15.1875,-19.375,-56.3125
1541872990218385,-1.9375,-9.6875,-46.4375
1541872990220380,13.1875,-7.8125,-38.75
1541872990241386,16.3125,2.3125,-33.875
1541872990271407,8.4375,12.5,-28.0625
1541872990471586,-7.0625,11.9375,-22
1541872990517665,-3.5625,9.8125,-16.375
1541872990750857,-0.9375,7.375,-8.4375
1541872990766835,-44.25,41.4375,11.75
1541872990804847,21.8125,-4,14.5
1541872990818858,27.375,-5.4375,17.25
1541872990847902,25.5,-9.1875,18.3125
1541872990850885,33.8125,-13.0625,17.5625
1541872990869920,38,-19.0625,15.5625
1541872990872922,38.4375,-22.75,12.6875
1541872990900941,28.125,-24.25,9.125
1541872990921962,17.6875,-27,12.5625
1541872990935973,19,-31.3125,17.9375
1541872990970003,19.5,-27.625,22.25
1541872990975005,21.1875,-25.4375,20.0625
1541872990996059,13.8125,-34.0625,21.5625
1541872991052066,36.125,-34.25,27.4375
1541872991066117,62.625,-19.3125,24.8125
1541872991072082,29.3125,4.25,15.875
1541872991097109,41,3.6875,10.5
1541872991157147,32.875,-0.9375,-0.1875
1541872991328288,1.5625,-14.5,-9
1541872991402372,34.5,-44.4375,-5
1541872991839762,-17.3125,-0.25,-17.75
1541872991846705,-138.75,69.875,33.5625
1541872991868742,-107.313,33.0625,-21.6875
1541872991870724,-93.9375,26.125,-16.5
1541872991891742,-77.5625,19.375,-11.8125
1541872991921786,-57.875,14.375,-4.25
1541872991943805,-50.125,9.25,0.9375
1541872991945787,-61.125,0.5,-6.0625
1541872991981818,-80.875,-1,-6.375
1541872991996829,-91.75,1,-4.8125
1541872992024867,-77.875,0.25,0
1541872992040884,-60.75,5.25,5.875
1541872992055892,-66.0625,12.25,9.6875
1541872992069946,-71.6875,16.9375,13.75
1541872992091926,-68.0625,25.5,17.75
1541872992115928,-68.5,38.125,20.1875
1541872992146974,-59.375,42.6875,23.125
1541872992166988,-46.75,40.25,23.4375
