timestamp,x,y,z,w
1541872950161359,-0.196716,-0.376099,0.883118,0.19989
1541872950186396,-0.196472,-0.376282,0.883179,0.199585
1541872950206397,-0.196167,-0.376465,0.883179,0.199341
1541872950221409,-0.195862,-0.37677,0.883179,0.19928
1541872950245429,-0.19574,-0.376953,0.883057,0.19928
1541872950266460,-0.195618,-0.377319,0.882996,0.19928
1541872950323503,-0.195374,-0.377625,0.882874,0.199341
1541872950324495,-0.195251,-0.378052,0.88269,0.199402
1541872950325505,-0.195129,-0.378235,0.882629,0.199524
1541872950338517,-0.19519,-0.378479,0.882507,0.199524
1541872950356535,-0.19519,-0.378418,0.882507,0.199524
1541872950379558,-0.19519,-0.378418,0.882507,0.199524
1541872950398569,-0.19519,-0.378418,0.882568,0.199524
1541872950433640,-0.19519,-0.378357,0.882568,0.199524
1541872950439608,-0.194885,-0.378357,0.882629,0.199463
1541872950454620,-0.194641,-0.378418,0.88269,0.199341
1541872950485641,-0.194275,-0.378418,0.882813,0.199036
1541872950491651,-0.193787,-0.378662,0.882874,0.198853
1541872950513669,-0.193298,-0.378723,0.882996,0.198669
1541872950536687,-0.192993,-0.379089,0.882996,0.198425
1541872950551701,-0.192749,-0.37915,0.883057,0.19812
1541872950573718,-0.192505,-0.3797,0.882996,0.197815
1541872950596738,-0.192322,-0.379883,0.882996,0.19751
1541872950611750,-0.192017,-0.380066,0.882996,0.197327
1541872950633803,-0.191833,-0.38031,0.882996,0.197144
1541872950656786,-0.191467,-0.380554,0.882996,0.19696
1541872950671795,-0.191101,-0.380676,0.883057,0.196655
1541872950693817,-0.190735,-0.380981,0.883179,0.196167
1541872950716831,-0.190247,-0.381592,0.883118,0.195679
1541872950731848,-0.189819,-0.382202,0.883057,0.195313
1541872950753867,-0.18927,-0.38269,0.882996,0.194946
1541872950776885,-0.18866,-0.382996,0.883057,0.194702
1541872950791894,-0.187988,-0.38324,0.883118,0.194519
1541872950813916,-0.187256,-0.383606,0.883179,0.194214
1541872950836919,-0.186401,-0.383911,0.883301,0.194092
1541872950851957,-0.185547,-0.384094,0.883362,0.194092
1541872950873965,-0.184692,-0.384338,0.883423,0.194031
1541872950895984,-0.183838,-0.384888,0.883423,0.19397
1541872950910995,-0.182922,-0.385376,0.883484,0.193604
1541872950934051,-0.181824,-0.385986,0.883484,0.193298
1541872950956034,-0.180481,-0.386536,0.883545,0.193115
1541872950973047,-0.179077,-0.386719,0.88385,0.192749
1541872950994064,-0.177734,-0.387024,0.884155,0.192139
1541872951016082,-0.17627,-0.387207,0.884521,0.191345
1541872951031078,-0.174683,-0.387329,0.884949,0.190491
1541872951054098,-0.173096,-0.387573,0.885315,0.189819
1541872951076115,-0.171814,-0.387878,0.885559,0.189209
1541872951091144,-0.170349,-0.387878,0.885925,0.188721
1541872951114147,-0.168884,-0.387756,0.886414,0.18811
1541872951136218,-0.167419,-0.387878,0.88678,0.187439
1541872951151194,-0.165771,-0.388062,0.887146,0.186768
1541872951174194,-0.16394,-0.388367,0.887451,0.186218
1541872951196232,-0.161926,-0.388428,0.887939,0.185669
1541872951211245,-0.159729,-0.388123,0.88855,0.18512
1541872951234263,-0.157593,-0.387695,0.889282,0.184387
1541872951256280,-0.155457,-0.387024,0.890076,0.183655
1541872951271288,-0.153259,-0.386353,0.890869,0.183044
1541872951294313,-0.151001,-0.385559,0.891785,0.182373
1541872951316313,-0.148621,-0.384338,0.892822,0.18158
1541872951331338,-0.146118,-0.382813,0.894104,0.180603
1541872951354398,-0.143555,-0.380371,0.895752,0.179688
1541872951376361,-0.141052,-0.377991,0.897339,0.178833
1541872951391375,-0.138611,-0.375916,0.898743,0.178223
1541872951415392,-0.136047,-0.374023,0.899963,0.177917
1541872951436430,-0.133606,-0.372131,0.901123,0.177856
1541872951454425,-0.13147,-0.369812,0.902344,0.17804
1541872951476497,-0.129883,-0.36731,0.903503,0.178406
1541872951496478,-0.128235,-0.36499,0.904602,0.178711
1541872951514493,-0.126526,-0.363098,0.905579,0.179138
1541872951536549,-0.124756,-0.361145,0.906433,0.17981
1541872951556528,-0.122986,-0.359009,0.907349,0.180908
1541872951574524,-0.121277,-0.357117,0.90802,0.182251
1541872951596557,-0.11969,-0.355286,0.90863,0.183716
1541872951616578,-0.117859,-0.353577,0.90918,0.185486
1541872951634593,-0.115906,-0.351563,0.909851,0.187378
1541872951656599,-0.113831,-0.349487,0.910522,0.18927
1541872951676622,-0.111694,-0.347351,0.911255,0.19104
1541872951693625,-0.109253,-0.345215,0.911926,0.192932
1541872951722660,-0.106873,-0.342957,0.91272,0.194763
1541872951736660,-0.104309,-0.340759,0.913391,0.196716
1541872951753673,-0.101501,-0.33844,0.914124,0.198669
1541872951775696,-0.0986328,-0.335876,0.914978,0.200439
1541872951796721,-0.0955811,-0.33313,0.915955,0.202087
1541872951813739,-0.0924683,-0.33075,0.916809,0.203552
1541872951835801,-0.0888672,-0.328735,0.917542,0.205139
1541872951856811,-0.085083,-0.326599,0.918335,0.206665
1541872951873790,-0.0812988,-0.324158,0.919189,0.208191
1541872951895791,-0.0772705,-0.322266,0.919922,0.209412
1541872951916861,-0.072998,-0.320801,0.920532,0.210754
1541872951933822,-0.0686646,-0.319153,0.921082,0.211975
1541872951955838,-0.0646362,-0.317993,0.921509,0.213196
1541872951976911,-0.0609741,-0.317444,0.921692,0.214417
1541872952000891,-0.0576782,-0.317261,0.921692,0.215515
1541872952015903,-0.0545654,-0.317017,0.921753,0.216492
1541872952036924,-0.0519409,-0.31665,0.921814,0.217407
1541872952053938,-0.0499268,-0.316528,0.921753,0.218201
1541872952075937,-0.0482178,-0.316833,0.921631,0.218811
1541872952097012,-0.0466919,-0.317871,0.921265,0.219116
1541872952114024,-0.0454712,-0.319214,0.920837,0.219299
1541872952136000,-0.0444336,-0.320923,0.920288,0.219177
1541872952157023,-0.0432739,-0.32251,0.919861,0.218811
1541872952174071,-0.041687,-0.324829,0.91925,0.218445
1541872952196035,-0.0395508,-0.327881,0.918396,0.217896
1541872952217053,-0.0370483,-0.330933,0.917603,0.216858
1541872952233081,-0.0343018,-0.333801,0.917053,0.215454
1541872952256085,-0.0314331,-0.336792,0.916504,0.213379
1541872952277122,-0.0285645,-0.339172,0.916321,0.210999
1541872952300141,-0.0258789,-0.341492,0.916016,0.208801
1541872952318136,-0.0233765,-0.344299,0.915466,0.20697
1541872952339208,-0.020874,-0.34729,0.914734,0.205322
1541872952353185,-0.0186768,-0.350464,0.91394,0.203613
1541872952376185,-0.0172729,-0.353821,0.913147,0.20166
1541872952399217,-0.0165405,-0.357361,0.91217,0.199646
1541872952413235,-0.0161743,-0.361389,0.911072,0.19751
1541872952436252,-0.0157471,-0.36615,0.909607,0.195618
1541872952458270,-0.015686,-0.37085,0.908081,0.19397
1541872952473266,-0.0159912,-0.375183,0.906616,0.192444
1541872952496298,-0.0163574,-0.379333,0.905212,0.190796
1541872952518301,-0.0163574,-0.382813,0.904114,0.189087
1541872952539374,-0.0159302,-0.386536,0.902893,0.187195
1541872952556333,-0.0150146,-0.391479,0.901184,0.185303
1541872952578368,-0.0133667,-0.395874,0.899719,0.183411
1541872952599387,-0.0109253,-0.399414,0.898621,0.181152
1541872952616402,-0.0078125,-0.402039,0.897949,0.178833
1541872952638411,-0.00421143,-0.40332,0.897888,0.176392
1541872952659472,-0.000488281,-0.404236,0.897949,0.173889
1541872952676468,0.00262451,-0.405518,0.897949,0.170959
1541872952698462,0.00549316,-0.406433,0.898132,0.16748
1541872952719490,0.00811768,-0.407898,0.898193,0.163635
1541872952736500,0.0108032,-0.408813,0.898499,0.159302
1541872952758501,0.0136108,-0.408386,0.899536,0.154419
1541872952779535,0.0166626,-0.406982,0.901062,0.148682
1541872952796549,0.0205078,-0.403748,0.903503,0.142029
1541872952818557,0.0251465,-0.398987,0.906677,0.134521
1541872952839585,0.029541,-0.394104,0.909729,0.127136
1541872952856594,0.0331421,-0.391174,0.911865,0.119812
1541872952878597,0.0371704,-0.387756,0.914124,0.112061
1541872952899635,0.0422974,-0.382019,0.917297,0.103882
1541872952916648,0.0480347,-0.373962,0.921143,0.0963745
1541872952938648,0.0540161,-0.365112,0.924988,0.090332
1541872952959721,0.0593262,-0.357849,0.92804,0.0844116
1541872952976736,0.0636597,-0.351379,0.930786,0.078186
1541872952998698,0.0667114,-0.346252,0.933044,0.0714722
1541872953019770,0.0679932,-0.342468,0.934814,0.0647583
1541872953036745,0.0673828,-0.338318,0.936829,0.0571899
1541872953058748,0.0648193,-0.331299,0.940002,0.0481567
1541872953079784,0.0598145,-0.32428,0.943359,0.036438
1541872953102839,0.0536499,-0.321106,0.945251,0.0217896
1541872953118806,0.0478516,-0.320984,0.945862,0.00482178
1541872953139828,0.0435181,-0.320801,0.946045,-0.0137329
1541872953155827,0.0415039,-0.320984,0.945557,-0.0338745
1541872953178847,0.0423584,-0.320984,0.944519,-0.0551758
1541872953199866,0.0462646,-0.321289,0.942566,-0.0783081
1541872953215895,0.053772,-0.322998,0.939331,-0.102173
1541872953238897,0.0655518,-0.326843,0.934387,-0.125549
1541872953259932,0.0819702,-0.331726,0.927917,-0.149109
1541872953275945,0.102295,-0.333496,0.920776,-0.1745
1541872953298964,0.126038,-0.331482,0.912781,-0.202454
1541872953320973,0.152527,-0.325989,0.903931,-0.230957
1541872953336033,0.179688,-0.316467,0.894409,-0.26001
1541872953359017,0.207764,-0.300903,0.884888,-0.288574
1541872953381026,0.236084,-0.28009,0.875244,-0.315735
1541872953396043,0.263062,-0.254028,0.86615,-0.340515
1541872953419062,0.286743,-0.224487,0.857544,-0.363281
1541872953441079,0.308105,-0.192871,0.84906,-0.383301
1541872953462098,0.327576,-0.162964,0.84082,-0.398926
1541872953479148,0.344543,-0.133423,0.833618,-0.410522
1541872953501113,0.35791,-0.107056,0.827576,-0.419006
1541872953522148,0.369385,-0.0878906,0.821655,-0.424988
1541872953539197,0.385742,-0.0721436,0.815308,-0.42572
1541872953561171,0.400269,-0.0637207,0.809875,-0.424011
1541872953582197,0.411316,-0.0650635,0.805847,-0.420898
1541872953599210,0.418152,-0.0722656,0.803223,-0.417969
1541872953621210,0.423889,-0.0848389,0.800781,-0.41449
1541872953642246,0.430237,-0.0993042,0.798584,-0.408936
1541872953659256,0.436035,-0.112549,0.796997,-0.402466
1541872953687284,0.440796,-0.125488,0.795532,-0.39624
1541872953702297,0.445313,-0.141785,0.793823,-0.389099
1541872953719294,0.449951,-0.162231,0.791809,-0.379761
1541872953742329,0.453247,-0.18396,0.790222,-0.369141
1541872953762329,0.454651,-0.203735,0.788635,-0.360291
1541872953779367,0.455444,-0.221558,0.786316,-0.35376
1541872953801378,0.453125,-0.236145,0.783081,-0.354492
1541872953822395,0.451294,-0.246826,0.77832,-0.360046
1541872953838408,0.454102,-0.258728,0.770813,-0.364197
1541872953861423,0.459473,-0.269348,0.762634,-0.367004
1541872953882480,0.463928,-0.273376,0.756165,-0.371826
1541872953899456,0.466125,-0.272522,0.751587,-0.378906
1541872953921458,0.471313,-0.275513,0.7453,-0.382751
1541872953942529,0.478638,-0.280701,0.738159,-0.383667
1541872953958501,0.486389,-0.284851,0.731445,-0.383667
1541872953981509,0.494446,-0.28656,0.72522,-0.383972
1541872954002543,0.500793,-0.2854,0.720093,-0.38623
1541872954019539,0.506775,-0.284851,0.71521,-0.387939
1541872954041576,0.514221,-0.285461,0.710327,-0.386719
1541872954062593,0.522522,-0.284363,0.707214,-0.381958
1541872954078602,0.529297,-0.280212,0.707275,-0.375549
1541872954101641,0.534912,-0.271667,0.709717,-0.369202
1541872954122642,0.54187,-0.260681,0.713562,-0.359497
1541872954138656,0.549133,-0.249878,0.71814,-0.346741
1541872954161675,0.558777,-0.240906,0.721252,-0.330933
1541872954182692,0.571411,-0.236755,0.721313,-0.311646
1541872954198705,0.584839,-0.231201,0.720947,-0.290955
1541872954221725,0.595886,-0.22113,0.722534,-0.271851
1541872954243722,0.600952,-0.210266,0.727539,-0.255493
1541872954258735,0.60437,-0.20166,0.733704,-0.236145
1541872954281769,0.607849,-0.197693,0.739563,-0.210815
1541872954303787,0.610901,-0.199768,0.744934,-0.17865
1541872954318806,0.609009,-0.204346,0.75177,-0.148682
1541872954341824,0.604675,-0.205078,0.760193,-0.119873
1541872954363822,0.598511,-0.205261,0.769104,-0.0900879
1541872954384859,0.589172,-0.205627,0.778931,-0.0617065
1541872954401871,0.578064,-0.209534,0.788025,-0.0300293
1541872954423881,0.564392,-0.21637,0.796631,0.003479
1541872954444908,0.548645,-0.224182,0.804565,0.0368652
1541872954461957,0.530273,-0.233459,0.812012,0.0697021
1541872954483921,0.508728,-0.245544,0.818848,0.101868
1541872954506970,0.483826,-0.258789,0.8255,0.131958
1541872954521968,0.457764,-0.270081,0.83197,0.158997
1541872954543991,0.431641,-0.279236,0.837585,0.184631
1541872954565007,0.406006,-0.287903,0.84137,0.210449
1541872954581023,0.381592,-0.296143,0.842773,0.237427
1541872954604041,0.359436,-0.302673,0.842163,0.264343
1541872954625092,0.339661,-0.308716,0.839294,0.291199
1541872954641053,0.322388,-0.316223,0.833862,0.317261
1541872954664088,0.307739,-0.324219,0.826416,0.342224
1541872954669074,0.295532,-0.33075,0.818298,0.365479
1541872954692111,0.284058,-0.338013,0.809143,0.387634
1541872954707123,0.272339,-0.348389,0.798157,0.408997
1541872954729142,0.26123,-0.360962,0.785767,0.428955
1541872954752161,0.251587,-0.373169,0.773621,0.445984
1541872954767174,0.243713,-0.384094,0.76239,0.460205
1541872954789191,0.23822,-0.394104,0.751404,0.472534
1541872954812211,0.234253,-0.404114,0.740295,0.483459
1541872954827223,0.232056,-0.415222,0.728516,0.492859
1541872954849276,0.232056,-0.424927,0.717651,0.500549
1541872954872260,0.234619,-0.432617,0.707336,0.507324
1541872954888254,0.237366,-0.440735,0.69635,0.514282
1541872954909326,0.239441,-0.453552,0.683899,0.51886
1541872954932310,0.243225,-0.46405,0.676636,0.517273
1541872954947322,0.253418,-0.465576,0.677673,0.509583
1541872954969341,0.26709,-0.461853,0.683289,0.498352
1541872954987346,0.279724,-0.459473,0.689636,0.484802
1541872955006372,0.29071,-0.459106,0.695618,0.469849
1541872955029389,0.299377,-0.459961,0.701172,0.455017
1541872955064409,0.306458,-0.460693,0.706848,0.440613
1541872955069423,0.3125,-0.462097,0.71167,0.42688
1541872955090422,0.318542,-0.463196,0.714844,0.415771
1541872955104448,0.327271,-0.469788,0.713074,0.404541
1541872955126470,0.338928,-0.476257,0.708313,0.395569
1541872955150470,0.341431,-0.471924,0.71228,0.391541
1541872955164538,0.350708,-0.476074,0.708191,0.38562
1541872955186520,0.351257,-0.476135,0.710205,0.381348
1541872955210534,0.354309,-0.475586,0.709412,0.380676
1541872955224553,0.364746,-0.48053,0.704224,0.374268
1541872955246568,0.371948,-0.478821,0.704834,0.368164
1541872955269588,0.378174,-0.47699,0.705261,0.363281
1541872955284600,0.383545,-0.476929,0.70459,0.35907
1541872955306617,0.388,-0.478149,0.702637,0.356506
1541872955329638,0.390686,-0.479919,0.700684,0.354919
1541872955344649,0.392517,-0.48175,0.699036,0.353638
1541872955366668,0.394409,-0.483643,0.697449,0.352173
1541872955389687,0.39502,-0.482971,0.697571,0.352112
1541872955404699,0.39447,-0.482727,0.699768,0.348694
1541872955426717,0.396423,-0.484436,0.699524,0.344666
1541872955449736,0.396729,-0.485962,0.698669,0.343811
1541872955464748,0.396057,-0.487671,0.698608,0.342407
1541872955486759,0.39502,-0.488403,0.698853,0.341919
1541872955509785,0.393494,-0.489502,0.699036,0.341858
1541872955524798,0.391724,-0.489868,0.69928,0.342896
1541872955546816,0.389038,-0.491211,0.698364,0.345825
1541872955569836,0.387512,-0.493896,0.695801,0.348755
1541872955584843,0.387146,-0.495422,0.693909,0.350891
1541872955606865,0.387146,-0.495361,0.693237,0.352234
1541872955629884,0.386902,-0.495117,0.69281,0.353699
1541872955644895,0.385803,-0.49762,0.690002,0.356873
1541872955666915,0.384277,-0.501648,0.684326,0.36377
1541872955689915,0.379822,-0.509583,0.675049,0.374634
1541872955704927,0.369141,-0.519592,0.666016,0.387451
1541872955726999,0.358215,-0.529114,0.657959,0.398438
1541872955749980,0.34967,-0.537964,0.651733,0.404358
1541872955764993,0.343628,-0.544922,0.649597,0.403687
1541872955787010,0.339111,-0.549438,0.650208,0.400391
1541872955809032,0.332214,-0.552979,0.652588,0.397461
1541872955824026,0.322876,-0.557861,0.655334,0.393738
1541872955847065,0.312195,-0.563599,0.658508,0.388916
1541872955869081,0.300598,-0.57135,0.661072,0.382263
1541872955884094,0.29126,-0.578308,0.663879,0.374023
1541872955907108,0.28363,-0.583374,0.667358,0.365784
1541872955929131,0.277832,-0.587891,0.670715,0.356873
1541872955947127,0.273621,-0.59259,0.67395,0.345947
1541872955968145,0.272522,-0.594482,0.679504,0.332458
1541872955989180,0.274597,-0.594421,0.685547,0.318176
1541872956007183,0.27832,-0.59375,0.691284,0.303467
1541872956028194,0.281799,-0.594666,0.695435,0.288635
1541872956049213,0.284912,-0.597107,0.698181,0.27356
1541872956067225,0.288574,-0.597778,0.702148,0.257446
1541872956088242,0.293091,-0.597351,0.706604,0.240723
1541872956109316,0.297852,-0.597046,0.710022,0.224976
1541872956126302,0.301453,-0.598267,0.712036,0.210205
1541872956149313,0.30542,-0.597839,0.715027,0.194824
1541872956170329,0.31073,-0.595398,0.719055,0.17865
1541872956186339,0.31604,-0.593506,0.721863,0.163513
1541872956209363,0.321045,-0.59314,0.723022,0.149414
1541872956230379,0.325989,-0.592773,0.723633,0.136536
1541872956246373,0.330933,-0.592346,0.723816,0.125122
1541872956269399,0.335876,-0.592285,0.723328,0.114685
1541872956290428,0.341858,-0.590576,0.723633,0.103455
1541872956306425,0.348511,-0.588623,0.723511,0.0927734
1541872956329496,0.355042,-0.585999,0.723694,0.0827637
1541872956350479,0.360291,-0.584106,0.723694,0.0724487
1541872956366471,0.365295,-0.581604,0.724121,0.0620117
1541872956389510,0.371094,-0.577454,0.725403,0.0509033
1541872956410510,0.377747,-0.572754,0.72644,0.0394897
1541872956426521,0.384766,-0.567444,0.727417,0.0281982
1541872956449561,0.391541,-0.561096,0.729065,0.0168457
1541872956470579,0.398193,-0.553406,0.731506,0.00622559
1541872956486570,0.404907,-0.545288,0.733948,-0.00360107
1541872956509603,0.411133,-0.536987,0.73645,-0.0125122
1541872956530662,0.416931,-0.528564,0.739197,-0.0194092
1541872956546621,0.421875,-0.520569,0.741943,-0.0240479
1541872956569640,0.425903,-0.512634,0.744995,-0.0267334
1541872956590685,0.429077,-0.505066,0.748352,-0.0281982
1541872956606672,0.431152,-0.497864,0.751892,-0.0290527
1541872956629705,0.432251,-0.491272,0.755554,-0.0293579
1541872956650723,0.432434,-0.485352,0.759277,-0.0290527
1541872956666739,0.431885,-0.480225,0.762878,-0.0278931
1541872956689741,0.430786,-0.476379,0.765991,-0.0265503
1541872956709774,0.429626,-0.473206,0.768677,-0.0245361
1541872956726769,0.428772,-0.470154,0.771118,-0.0213013
1541872956748823,0.427979,-0.46759,0.773254,-0.0164185
1541872956769824,0.427429,-0.464355,0.775635,-0.00982666
1541872956786838,0.42688,-0.460022,0.778503,-0.00274658
1541872956808848,0.42627,-0.454834,0.781921,0.00427246
1541872956829873,0.425415,-0.450073,0.785034,0.012207
1541872956846886,0.42395,-0.447937,0.786804,0.0223999
1541872956868901,0.421753,-0.448486,0.787231,0.0343018
1541872956889958,0.418518,-0.449341,0.787842,0.0466309
1541872956905916,0.414734,-0.449829,0.788696,0.0597534
1541872956928938,0.409607,-0.451904,0.78894,0.0741577
1541872956949972,0.402649,-0.456116,0.788513,0.0894775
1541872956965976,0.39386,-0.461426,0.788025,0.104675
1541872956988994,0.383484,-0.467041,0.787781,0.11908
1541872957010022,0.371704,-0.473999,0.787109,0.132751
1541872957026017,0.358887,-0.481812,0.786011,0.145569
1541872957049034,0.345581,-0.490845,0.784058,0.157593
1541872957070071,0.331665,-0.499939,0.782043,0.168396
1541872957086065,0.317566,-0.508789,0.780029,0.178223
1541872957109085,0.303589,-0.517273,0.777771,0.187866
1541872957139123,0.402649,-0.456116,0.788513,0.0894775
1541872957146114,0.277039,-0.535828,0.770752,0.204895
1541872957157124,0.39386,-0.461426,0.788025,0.104675
1541872957169148,0.264709,-0.54657,0.765686,0.211914
1541872957192168,0.252197,-0.557007,0.76001,0.220093
1541872957206183,0.240967,-0.568481,0.752686,0.228333
1541872957229183,0.231018,-0.575745,0.747253,0.238159
1541872957252215,0.219543,-0.582581,0.742126,0.24823
1541872957273273,0.208557,-0.593567,0.734131,0.25531
1541872957289234,0.197693,-0.600159,0.729004,0.263184
1541872957312253,0.184753,-0.606079,0.724609,0.270874
1541872957333281,0.172119,-0.615112,0.71814,0.276001
1541872957349301,0.160828,-0.620605,0.713745,0.282043
1541872957371319,0.148865,-0.624329,0.710205,0.289185
1541872957393318,0.136047,-0.632935,0.703613,0.292969
1541872957409351,0.125854,-0.638977,0.697937,0.297852
1541872957431365,0.11499,-0.641541,0.694336,0.305054
1541872957452386,0.10437,-0.64563,0.689026,0.312195
1541872957469383,0.0942993,-0.649902,0.683838,0.317932
1541872957499424,0.0845947,-0.654053,0.678467,0.323608
1541872957512435,0.0750122,-0.657715,0.673462,0.328918
1541872957529449,0.0654907,-0.660828,0.668945,0.333984
1541872957551459,0.0559692,-0.663391,0.664551,0.339355
1541872957572485,0.0472412,-0.665283,0.660217,0.345276
1541872957589500,0.0395508,-0.666748,0.655823,0.351807
1541872957611501,0.0308838,-0.669373,0.650513,0.357544
1541872957632534,0.0227051,-0.671204,0.645935,0.362976
1541872957649548,0.0149536,-0.672791,0.641174,0.368713
1541872957671546,0.00714111,-0.674622,0.636169,0.374329
1541872957692621,-0.000915527,-0.677063,0.630432,0.379639
1541872957708579,-0.00891113,-0.678772,0.625488,0.384583
1541872957731597,-0.0164795,-0.679565,0.621643,0.389221
1541872957752669,-0.0241089,-0.680359,0.617798,0.393494
1541872957769633,-0.0317383,-0.681152,0.613892,0.397644
1541872957791645,-0.0388184,-0.681519,0.610779,0.401184
1541872957814685,-0.0456543,-0.681885,0.608154,0.403931
1541872957829696,-0.0523071,-0.68219,0.605835,0.406006
1541872957851696,-0.0584717,-0.682251,0.603943,0.407837
1541872957872731,-0.0638428,-0.681885,0.602539,0.409729
1541872957888737,-0.0686035,-0.681091,0.601746,0.411438
1541872957911756,-0.0730591,-0.680481,0.601013,0.412781
1541872957932782,-0.0772705,-0.679443,0.601013,0.413696
1541872957948795,-0.0807495,-0.677795,0.601746,0.414612
1541872957971814,-0.0835571,-0.676147,0.602478,0.415771
1541872957992832,-0.0859985,-0.674866,0.602783,0.41687
1541872958008830,-0.0882568,-0.674011,0.602722,0.417847
1541872958031863,-0.0901489,-0.67334,0.602661,0.418701
1541872958052916,-0.0912476,-0.672363,0.602722,0.419861
1541872958068894,-0.0918579,-0.67157,0.6026,0.421204
1541872958091912,-0.0922241,-0.670959,0.602295,0.422546
1541872958113931,-0.0925293,-0.670593,0.601807,0.423767
1541872958128942,-0.0928955,-0.670593,0.600952,0.424927
1541872958151962,-0.0935059,-0.671265,0.599365,0.425903
1541872958173978,-0.0941772,-0.671997,0.597839,0.426819
1541872958188979,-0.0946045,-0.672241,0.596863,0.427612
1541872958212004,-0.0950928,-0.672485,0.596069,0.428284
1541872958234021,-0.0956421,-0.672791,0.595276,0.428711
1541872958249042,-0.0962524,-0.673157,0.594666,0.428894
1541872958272062,-0.0970459,-0.673523,0.594299,0.428711
1541872958294061,-0.0978394,-0.673889,0.594055,0.428284
1541872958309091,-0.0985107,-0.674011,0.594055,0.427856
1541872958332112,-0.0994263,-0.674255,0.594116,0.427124
1541872958354113,-0.100525,-0.674744,0.594238,0.426025
1541872958369142,-0.101746,-0.675232,0.59436,0.424744
1541872958392160,-0.102966,-0.675598,0.594727,0.42334
1541872958414158,-0.104492,-0.676025,0.595337,0.421448
1541872958429190,-0.106384,-0.676331,0.596497,0.418884
1541872958452209,-0.107544,-0.676392,0.598083,0.416199
1541872958474209,-0.108215,-0.676697,0.599548,0.413391
1541872958495245,-0.108765,-0.677246,0.601013,0.410156
1541872958512260,-0.109131,-0.677734,0.602905,0.406616
1541872958534259,-0.109314,-0.67804,0.604858,0.403076
1541872958555330,-0.109131,-0.678711,0.606323,0.39978
1541872958572308,-0.10907,-0.679504,0.607971,0.395874
1541872958594319,-0.109009,-0.680542,0.609985,0.39093
1541872958615345,-0.108765,-0.681519,0.612671,0.385071
1541872958632357,-0.108154,-0.682129,0.61615,0.378723
1541872958654368,-0.106995,-0.682434,0.619873,0.372192
1541872958683417,-0.104736,-0.682495,0.623779,0.36615
1541872958692389,-0.101257,-0.682373,0.627563,0.360901
1541872958714425,-0.0968018,-0.682739,0.630737,0.355835
1541872958743446,-0.0917358,-0.68396,0.633118,0.350586
1541872958751438,-0.0870972,-0.685364,0.635376,0.344971
1541872958774471,-0.0823975,-0.686707,0.637695,0.33905
1541872958795493,-0.0769653,-0.687317,0.640747,0.333313
1541872958811505,-0.0718994,-0.688843,0.642822,0.327209
1541872958834526,-0.0667114,-0.690186,0.645325,0.320496
1541872958855542,-0.0614624,-0.691162,0.648376,0.313171
1541872958871555,-0.0562744,-0.692566,0.651306,0.304993
1541872958894574,-0.0510864,-0.693909,0.654297,0.296265
1541872958915592,-0.0456543,-0.695007,0.65741,0.287476
1541872958931606,-0.0402222,-0.696533,0.660217,0.278076
1541872958954626,-0.034668,-0.698242,0.662903,0.267883
1541872958975677,-0.0287476,-0.699951,0.66571,0.25708
1541872958991657,-0.022583,-0.70166,0.668335,0.245911
1541872959014672,-0.0162964,-0.70343,0.670837,0.234253
1541872959036673,-0.00970459,-0.705566,0.672729,0.222534
1541872959051703,-0.00268555,-0.707764,0.674255,0.210754
1541872959074723,0.00482178,-0.709778,0.675781,0.198792
1541872959096721,0.0125122,-0.71167,0.677246,0.186157
1541872959111733,0.0203247,-0.713501,0.67865,0.173035
1541872959118740,0.0282593,-0.714966,0.680115,0.159607
1541872959139778,0.036377,-0.716003,0.681641,0.146118
1541872959162794,0.0446167,-0.716797,0.683105,0.132568
1541872959178808,0.0527344,-0.717102,0.684692,0.11908
1541872959199821,0.0608521,-0.71698,0.686401,0.105347
1541872959222842,0.0685425,-0.716675,0.687988,0.0912476
1541872959239860,0.0761719,-0.715637,0.690002,0.0772095
1541872959259875,0.0838623,-0.713806,0.692383,0.0633545
1541872959281928,0.0916138,-0.711304,0.695129,0.0494385
1541872959298908,0.0993652,-0.708313,0.697937,0.0357666
1541872959319924,0.107239,-0.704956,0.700745,0.0222778
1541872959341943,0.115234,-0.701477,0.703247,0.00878906
1541872959358938,0.123413,-0.697693,0.705627,-0.00457764
1541872959379975,0.132019,-0.693481,0.708069,-0.017334
1541872959401992,0.14032,-0.688965,0.710449,-0.0297241
1541872959419006,0.14856,-0.684448,0.712524,-0.041626
1541872959440023,0.156799,-0.679504,0.714783,-0.0527954
1541872959462041,0.164429,-0.675232,0.716187,-0.0640259
1541872959479057,0.171692,-0.671326,0.717041,-0.0753174
1541872959500073,0.178467,-0.666992,0.71814,-0.086792
1541872959522090,0.185242,-0.66217,0.719482,-0.0981445
1541872959539106,0.191956,-0.657104,0.720703,-0.109314
1541872959560122,0.198975,-0.651917,0.721802,-0.120178
1541872959582176,0.206055,-0.646667,0.722656,-0.130798
1541872959599194,0.213196,-0.641663,0.723145,-0.141052
1541872959620173,0.220886,-0.636719,0.723206,-0.150757
1541872959642225,0.229492,-0.631897,0.722778,-0.159912
1541872959659204,0.238953,-0.627258,0.721802,-0.168701
1541872959680222,0.248962,-0.62262,0.720398,-0.177124
1541872959702240,0.259399,-0.61792,0.718628,-0.185608
1541872959719254,0.269836,-0.612732,0.716797,-0.194763
1541872959740270,0.280212,-0.6073,0.714417,-0.205444
1541872959762270,0.290955,-0.602295,0.710938,-0.217041
1541872959780285,0.30188,-0.598389,0.705872,-0.229248
1541872959800315,0.312866,-0.59491,0.699829,-0.24176
1541872959822340,0.324158,-0.591919,0.692749,-0.254395
1541872959838351,0.335876,-0.588257,0.685669,-0.266541
1541872959860366,0.348145,-0.583984,0.67865,-0.277893
1541872959882388,0.360718,-0.57959,0.671326,-0.288574
1541872959898401,0.37323,-0.574646,0.663879,-0.2995
1541872959920400,0.385864,-0.569092,0.65625,-0.310608
1541872959942473,0.398438,-0.562561,0.648865,-0.322021
1541872959960452,0.410645,-0.554993,0.641907,-0.333557
1541872959979504,0.421997,-0.546204,0.635742,-0.345459
1541872960002487,0.432312,-0.536255,0.630554,-0.357605
1541872960020502,0.441711,-0.526062,0.625732,-0.369568
1541872960039518,0.450562,-0.515442,0.621399,-0.380981
1541872960069543,0.45874,-0.50531,0.617065,-0.391724
1541872960080551,0.466125,-0.496399,0.61261,-0.401306
1541872960099566,0.472229,-0.488892,0.608276,-0.409851
1541872960122586,0.477112,-0.482849,0.604004,-0.417603
1541872960140596,0.48114,-0.478455,0.599548,-0.424438
1541872960159652,0.484314,-0.475342,0.595215,-0.430359
1541872960182635,0.486755,-0.473145,0.591187,-0.435547
1541872960200647,0.488464,-0.471863,0.587341,-0.440186
1541872960219668,0.489319,-0.471252,0.583618,-0.444763
1541872960242685,0.489685,-0.47113,0.580017,-0.449158
1541872960260700,0.489929,-0.471436,0.576599,-0.453064
1541872960279696,0.490417,-0.472412,0.57312,-0.455994
1541872960302734,0.49115,-0.473938,0.569519,-0.458008
1541872960320749,0.492126,-0.475952,0.565735,-0.459595
1541872960339764,0.49353,-0.477966,0.56189,-0.460754
1541872960357761,0.495239,-0.479858,0.557861,-0.461853
1541872960380798,0.497192,-0.481323,0.554077,-0.462769
1541872960399815,0.499451,-0.4823,0.550842,-0.463074
1541872960417820,0.502502,-0.483154,0.548035,-0.46228
1541872960440843,0.50708,-0.483765,0.545959,-0.459045
1541872960459864,0.51178,-0.482056,0.546814,-0.454651
1541872960477879,0.515625,-0.478821,0.547485,-0.452881
1541872960500879,0.518616,-0.476135,0.546692,-0.453308
1541872960519913,0.520996,-0.473816,0.546143,-0.453674
1541872960537928,0.522522,-0.471619,0.54657,-0.453613
1541872960560947,0.523926,-0.470337,0.546692,-0.453186
1541872960580964,0.52478,-0.469238,0.546326,-0.453796
1541872960596958,0.524963,-0.467773,0.545898,-0.455627
1541872960619995,0.525085,-0.466187,0.545288,-0.457825
1541872960640996,0.52533,-0.464722,0.544617,-0.459778
1541872960657018,0.52533,-0.463562,0.544189,-0.461487
1541872960687032,0.525146,-0.462219,0.544006,-0.463257
1541872960701063,0.524841,-0.460876,0.543945,-0.465027
1541872960717068,0.524048,-0.459595,0.544128,-0.46698
1541872960740089,0.522949,-0.458374,0.544312,-0.469238
1541872960761103,0.521729,-0.457397,0.544556,-0.471191
1541872960777122,0.520142,-0.456543,0.545349,-0.472839
1541872960800126,0.518494,-0.455872,0.546387,-0.474121
1541872960821159,0.516907,-0.455444,0.547729,-0.474731
1541872960837164,0.515442,-0.455444,0.54895,-0.474915
1541872960860190,0.513733,-0.455078,0.551025,-0.474792
1541872960881208,0.512146,-0.454651,0.553467,-0.473999
1541872960904263,0.510437,-0.453735,0.557007,-0.472534
1541872960919239,0.50885,-0.452759,0.561096,-0.470337
1541872960942250,0.507263,-0.451782,0.565735,-0.467407
1541872960956264,0.505371,-0.450378,0.571533,-0.463806
1541872960979302,0.503418,-0.449524,0.577332,-0.459534
1541872961009313,0.502441,-0.448059,0.584534,-0.452881
1541872961032319,0.500854,-0.443848,0.593994,-0.446411
1541872961039323,0.49884,-0.441833,0.600525,-0.441956
1541872961062361,0.4953,-0.441833,0.60553,-0.439087
1541872961083378,0.489929,-0.441711,0.61145,-0.437012
1541872961099377,0.484192,-0.443237,0.61676,-0.434387
1541872961122409,0.478271,-0.446472,0.621277,-0.431152
1541872961143428,0.471924,-0.450378,0.625488,-0.427979
1541872961159431,0.466064,-0.455566,0.628784,-0.424072
1541872961182460,0.460388,-0.461975,0.631348,-0.419556
1541872961203476,0.454224,-0.468628,0.633911,-0.414978
1541872961219480,0.447754,-0.475708,0.636292,-0.410339
1541872961249494,0.440857,-0.482849,0.63855,-0.405884
1541872961263562,0.43396,-0.489807,0.640625,-0.401672
1541872961279535,0.427124,-0.496765,0.642212,-0.397888
1541872961317551,0.420349,-0.503601,0.643372,-0.394592
1541872961323574,0.41394,-0.510193,0.644287,-0.391479
1541872961339569,0.408203,-0.516479,0.644836,-0.388306
1541872961362608,0.403198,-0.5224,0.645203,-0.38501
1541872961383624,0.399048,-0.527893,0.645203,-0.381775
1541872961399619,0.395691,-0.533142,0.644714,-0.378784
1541872961422650,0.392822,-0.537598,0.644043,-0.376587
1541872961443670,0.390564,-0.541321,0.643311,-0.374878
1541872961459670,0.388794,-0.54425,0.642578,-0.373779
1541872961482700,0.387756,-0.546143,0.642212,-0.372742
1541872961503715,0.387329,-0.547424,0.641785,-0.37207
1541872961519719,0.388855,-0.549377,0.640259,-0.370239
1541872961541797,0.389771,-0.549622,0.640015,-0.369263
1541872961563759,0.390381,-0.550171,0.639282,-0.369019
1541872961579785,0.390442,-0.550049,0.639221,-0.369263
1541872961601839,0.389893,-0.548462,0.640503,-0.369995
1541872961622822,0.389526,-0.545898,0.642273,-0.371155
1541872961646841,0.389587,-0.543701,0.643311,-0.372498
1541872961661852,0.39032,-0.542236,0.643616,-0.373291
1541872961682872,0.390869,-0.540955,0.644165,-0.373657
1541872961698865,0.391479,-0.5401,0.644348,-0.373962
1541872961721885,0.391907,-0.539307,0.644287,-0.374756
1541872961742922,0.392029,-0.538147,0.644348,-0.37616
1541872961759953,0.391968,-0.536682,0.644714,-0.377747
1541872961789974,0.391785,-0.535034,0.645325,-0.379211
1541872961802970,0.391663,-0.533386,0.646118,-0.38031
1541872961819984,0.391663,-0.531677,0.647095,-0.380981
1541872961850009,0.391846,-0.530029,0.648132,-0.381409
1541872961865023,0.392334,-0.528564,0.649109,-0.381226
1541872961880033,0.392944,-0.527466,0.650146,-0.38031
1541872961902042,0.39325,-0.526611,0.651733,-0.37854
1541872961932057,0.393494,-0.526306,0.653442,-0.375732
1541872961939065,0.393433,-0.526367,0.655396,-0.372314
1541872961962083,0.393372,-0.526733,0.657227,-0.368591
1541872961985121,0.393433,-0.5271,0.659302,-0.364258
1541872962015145,0.393738,-0.527222,0.661743,-0.359314
1541872962022131,0.394409,-0.527771,0.66394,-0.353699
1541872962045165,0.395874,-0.527161,0.667358,-0.346436
1541872962066182,0.397095,-0.525635,0.671143,-0.339905
1541872962083222,0.397278,-0.525879,0.673462,-0.334717
1541872962111269,0.395325,-0.5271,0.675354,-0.33136
1541872962133243,0.391724,-0.527954,0.677795,-0.329163
1541872962150248,0.387939,-0.529602,0.679565,-0.327332
1541872962164249,0.384521,-0.532104,0.680664,-0.325073
1541872962225354,0.381042,-0.53479,0.681763,-0.322449
1541872962227322,0.377747,-0.538208,0.682556,-0.319031
1541872962233325,0.37384,-0.541748,0.683411,-0.315735
1541872962246317,0.369568,-0.544739,0.684509,-0.313232
1541872962262349,0.365417,-0.547424,0.685547,-0.311218
1541872962285359,0.361755,-0.549683,0.686218,-0.309998
1541872962313392,0.358643,-0.550964,0.686951,-0.309753
1541872962328404,0.35614,-0.551819,0.687439,-0.309998
1541872962352417,0.354126,-0.552124,0.687927,-0.310608
1541872962410471,0.352722,-0.552429,0.687988,-0.311523
1541872962429487,0.352051,-0.552734,0.687439,-0.312988
1541872962442498,0.351807,-0.553223,0.684692,-0.318359
1541872962449484,0.352417,-0.553711,0.682068,-0.322388
1541872962464497,0.353882,-0.554199,0.678772,-0.327026
1541872962485533,0.356506,-0.554199,0.674866,-0.332092
1541872962502546,0.359985,-0.553894,0.670471,-0.337708
1541872962524562,0.364319,-0.553711,0.665344,-0.343506
1541872962546618,0.371155,-0.555054,0.658264,-0.347595
1541872962562597,0.377625,-0.552551,0.654846,-0.351013
1541872962584609,0.384155,-0.548828,0.651855,-0.355347
1541872962613621,0.392151,-0.546204,0.647339,-0.359009
1541872962621630,0.399353,-0.54187,0.644348,-0.362915
1541872962644649,0.406372,-0.537109,0.641785,-0.36676
1541872962673689,0.413635,-0.532959,0.638611,-0.370178
1541872962695706,0.420532,-0.52887,0.635376,-0.373779
1541872962704693,0.427063,-0.525208,0.631775,-0.377686
1541872962725733,0.432861,-0.521973,0.627625,-0.382385
1541872962741746,0.438477,-0.519165,0.623047,-0.387268
1541872962765763,0.444092,-0.516418,0.618469,-0.391846
1541872962787781,0.449524,-0.513367,0.614441,-0.395996
1541872962825816,0.454895,-0.509888,0.610413,-0.400635
1541872962838818,0.460388,-0.506409,0.606201,-0.40509
1541872962847812,0.46582,-0.503052,0.602051,-0.409241
1541872962869832,0.471008,-0.499634,0.5979,-0.413513
1541872962884844,0.476135,-0.496033,0.59375,-0.417908
1541872962914886,0.481262,-0.492798,0.589539,-0.421936
1541872962937902,0.48584,-0.488892,0.585693,-0.426392
1541872962990946,0.490051,-0.484863,0.581909,-0.431458
1541872962996954,0.493347,-0.480774,0.578735,-0.436462
1541872963004961,0.498596,-0.472595,0.574219,-0.445251
1541872963027980,0.501465,-0.468994,0.572632,-0.447937
1541872963049998,0.504272,-0.465515,0.571411,-0.449951
1541872963065007,0.508362,-0.461853,0.571533,-0.449036
1541872963087020,0.512085,-0.457153,0.573425,-0.447144
1541872963127062,0.516479,-0.454468,0.57373,-0.444458
1541872963131064,0.518921,-0.45282,0.573608,-0.443481
1541872963155085,0.519592,-0.450867,0.57312,-0.445313
1541872963176102,0.519775,-0.448914,0.571411,-0.449219
1541872963185109,0.520569,-0.447876,0.568359,-0.453186
1541872963208128,0.520813,-0.445984,0.566345,-0.457214
1541872963236152,0.521851,-0.445313,0.564392,-0.459229
1541872963252157,0.522827,-0.444885,0.562317,-0.460999
1541872963275163,0.523804,-0.443848,0.560364,-0.463196
1541872963296200,0.525269,-0.442688,0.557983,-0.465576
1541872963305208,0.52655,-0.441284,0.555176,-0.468811
1541872963327209,0.527954,-0.439575,0.552185,-0.472351
1541872963350249,0.528992,-0.437866,0.5495,-0.475952
1541872963364238,0.529968,-0.436523,0.546753,-0.479187
1541872963387256,0.531006,-0.43573,0.543762,-0.482178
1541872963408288,0.532288,-0.434937,0.54071,-0.484863
1541872963425288,0.533325,-0.434021,0.537659,-0.487854
1541872963478395,0.534485,-0.433105,0.534302,-0.49115
1541872963485392,0.535828,-0.43219,0.530579,-0.494568
1541872963488356,0.537354,-0.431335,0.526672,-0.497864
1541872963515363,0.539124,-0.430664,0.522583,-0.500793
1541872963531395,0.541443,-0.43042,0.518311,-0.50293
1541872963554394,0.54425,-0.430237,0.514038,-0.504456
1541872963567442,0.547424,-0.429871,0.509583,-0.505859
1541872963582436,0.550964,-0.429443,0.504944,-0.506958
1541872963636480,0.555847,-0.429138,0.500488,-0.506348
1541872963641486,0.559631,-0.426758,0.498413,-0.506226
1541872963702536,0.565918,-0.423706,0.491333,-0.508728
1541872963705539,0.567505,-0.42041,0.489075,-0.511841
1541872963712533,0.56897,-0.416077,0.487244,-0.515503
1541872963756580,0.570557,-0.411499,0.485168,-0.519348
1541872963763580,0.571716,-0.406921,0.483521,-0.523254
1541872963775596,0.573303,-0.398438,0.47876,-0.532349
1541872963793611,0.573669,-0.394409,0.475525,-0.537781
1541872963846655,0.573242,-0.390015,0.472351,-0.544189
1541872963852659,0.572205,-0.385559,0.46936,-0.551025
1541872963854642,0.570557,-0.381165,0.466492,-0.558167
1541872963956746,0.568665,-0.376831,0.464111,-0.564941
1541872963966747,0.566589,-0.372131,0.462341,-0.571594
1541872963996761,0.564819,-0.368103,0.46051,-0.577454
1541872963997770,0.558899,-0.358521,0.456055,-0.59259
1541872964064834,0.556763,-0.357117,0.455505,-0.595825
1541872964070840,0.554932,-0.356628,0.455383,-0.597961
1541872964093858,0.554932,-0.35675,0.458496,-0.595398
1541872964122918,0.556702,-0.356079,0.462524,-0.591125
1541872964125920,0.557678,-0.353821,0.468201,-0.587036
1541872964220963,0.559631,-0.353027,0.471375,-0.58313
1541872964222945,0.560059,-0.352966,0.472778,-0.581543
1541872964257973,0.562317,-0.356506,0.475647,-0.574829
1541872964259991,0.562378,-0.358948,0.477112,-0.572021
1541872964296008,0.561951,-0.362,0.477966,-0.569824
1541872964312039,0.561523,-0.365356,0.477783,-0.568298
1541872964325040,0.560181,-0.368469,0.478088,-0.567322
1541872964332054,0.558594,-0.372009,0.479004,-0.565857
1541872964409117,0.557068,-0.376343,0.479065,-0.564392
1541872964459159,0.555664,-0.380371,0.478577,-0.563477
1541872964513199,0.553955,-0.387512,0.475525,-0.562866
1541872964520209,0.553406,-0.390808,0.474426,-0.562134
1541872964536224,0.551208,-0.403992,0.469849,-0.558777
1541872964597275,0.551392,-0.406128,0.468994,-0.557739
1541872964616289,0.552124,-0.408447,0.468384,-0.555786
1541872964664329,0.555725,-0.408264,0.472107,-0.549194
1541872964670333,0.55719,-0.40802,0.4729,-0.547119
1541872964672334,0.557556,-0.408081,0.473633,-0.546143
1541872964700357,0.557129,-0.407593,0.475098,-0.545715
1541872964706362,0.556824,-0.407349,0.476013,-0.545349
1541872964737387,0.556702,-0.406799,0.476746,-0.545288
1541872964739390,0.556213,-0.405762,0.477783,-0.545654
1541872964754403,0.555664,-0.405151,0.478271,-0.546143
1541872964775419,0.554932,-0.404785,0.478516,-0.546997
1541872964798439,0.553833,-0.404358,0.479187,-0.547852
1541872964819456,0.552612,-0.404419,0.480103,-0.548218
1541872964850478,0.551636,-0.405212,0.480896,-0.547913
1541872964852483,0.550171,-0.406006,0.4823,-0.547607
1541872964894517,0.548523,-0.406921,0.484131,-0.546997
1541872964901522,0.546753,-0.407837,0.486511,-0.545959
1541872964925539,0.544983,-0.408752,0.489502,-0.544434
1541872964933547,0.542847,-0.409668,0.493042,-0.542542
1541872964963592,0.54071,-0.411133,0.496643,-0.540283
1541872964978588,0.538513,-0.412659,0.500061,-0.538147
1541872965001601,0.536255,-0.41394,0.503418,-0.536316
1541872965030630,0.533997,-0.414795,0.507141,-0.534485
1541872965032632,0.53186,-0.415283,0.511841,-0.531677
1541872965061652,0.529785,-0.416016,0.517151,-0.528015
1541872965091669,0.527649,-0.416809,0.523071,-0.523743
1541872965103685,0.526123,-0.417786,0.528564,-0.51886
1541872965112679,0.525024,-0.417725,0.535645,-0.512756
1541872965136706,0.524048,-0.416443,0.543213,-0.506775
1541872965157735,0.523193,-0.41626,0.548645,-0.501953
1541872965241843,0.521118,-0.416626,0.552979,-0.499084
1541872965253794,0.518616,-0.416931,0.556274,-0.497681
1541872965263818,0.51593,-0.416931,0.561707,-0.494446
1541872965293827,0.514465,-0.418762,0.564331,-0.491394
1541872965306857,0.51123,-0.421265,0.569275,-0.486877
1541872965330876,0.507813,-0.424377,0.574829,-0.481262
1541872965369909,0.504517,-0.429199,0.579407,-0.474915
1541872965391963,0.500244,-0.434265,0.583435,-0.469849
1541872965392911,0.495483,-0.43927,0.587463,-0.46521
1541872965421949,0.490295,-0.444275,0.591614,-0.460632
1541872965502062,0.485107,-0.44989,0.595032,-0.45636
1541872965592086,0.479736,-0.455139,0.597961,-0.452942
1541872965646139,0.474548,-0.460144,0.600403,-0.450134
1541872965647118,0.464478,-0.473816,0.603088,-0.44281
1541872965722190,0.451782,-0.500305,0.604797,-0.424011
1541872965929370,0.451538,-0.505188,0.603149,-0.420837
1541872965984411,0.447021,-0.514038,0.604736,-0.412537
1541872966021442,0.398621,-0.540222,0.641541,-0.371094
1541872966023448,0.379639,-0.548218,0.655029,-0.355286
1541872966050470,0.373413,-0.550659,0.659607,-0.34967
1541872966052473,0.367065,-0.553284,0.663757,-0.344299
1541872966074486,0.360474,-0.555542,0.667847,-0.3396
1541872966125532,0.353821,-0.557373,0.671936,-0.335571
1541872966176574,0.34729,-0.558899,0.675781,-0.332153
1541872966186582,0.34082,-0.560059,0.679504,-0.329285
1541872966188579,0.334778,-0.561157,0.682922,-0.326599
1541872966232621,0.318726,-0.563843,0.691956,-0.318909
1541872966238626,0.314392,-0.564453,0.694458,-0.316711
1541872966240618,0.310791,-0.563782,0.697571,-0.314636
1541872966478818,0.3078,-0.562012,0.700623,-0.313843
1541872966543876,0.304626,-0.560608,0.702393,-0.315552
1541872966648964,0.311462,-0.558899,0.683594,-0.351196
1541872966773047,0.335693,-0.550781,0.661621,-0.382385
1541872966989244,0.453003,-0.48877,0.58075,-0.46759
1541872967056317,0.562622,-0.41394,0.496277,-0.515564
1541872967062304,0.570496,-0.409607,0.48938,-0.516968
1541872967138403,0.590881,-0.400879,0.470398,-0.518555
1541872967159383,0.596313,-0.399597,0.464539,-0.518616
1541872967185405,0.601135,-0.39856,0.45874,-0.518982
1541872967204421,0.60968,-0.395996,0.447693,-0.52063
1541872967214412,0.617432,-0.39209,0.437866,-0.522766
1541872967237450,0.621155,-0.389587,0.433472,-0.523926
1541872967288489,0.624695,-0.386658,0.429321,-0.525269
1541872967289491,0.627808,-0.383545,0.425537,-0.526917
1541872967310544,0.630493,-0.380249,0.421875,-0.529053
1541872967313511,0.632935,-0.377014,0.418091,-0.531433
1541872967462634,0.634949,-0.374023,0.414429,-0.533997
1541872967499656,0.636658,-0.371521,0.410889,-0.536499
1541872967549705,0.641602,-0.36554,0.395813,-0.545959
1541872967574723,0.641235,-0.366272,0.393311,-0.547668
1541872967775927,0.641296,-0.365784,0.388794,-0.551208
1541872967778891,0.641296,-0.364807,0.387207,-0.552917
1541872967815924,0.650391,-0.343445,0.369812,-0.567688
1541872967888020,0.651917,-0.339844,0.367737,-0.569397
1541872967889980,0.65332,-0.336182,0.365479,-0.571472
1541872967912003,0.657959,-0.325623,0.357605,-0.577209
1541872967927016,0.659729,-0.322144,0.354797,-0.578857
1541872967964030,0.661621,-0.318665,0.351746,-0.580505
1541872968016126,0.663391,-0.315125,0.348633,-0.582275
1541872968037108,0.667053,-0.307922,0.341553,-0.586182
1541872968071136,0.672058,-0.295776,0.329529,-0.593506
1541872968113151,0.673462,-0.291504,0.325378,-0.596313
1541872968211251,0.676208,-0.282349,0.316528,-0.602295
1541872968332335,0.685791,-0.241821,0.28186,-0.625916
1541872968413417,0.687134,-0.235596,0.276917,-0.629028
1541872968473466,0.692871,-0.202637,0.253113,-0.644043
1541872968541516,0.694397,-0.167175,0.226196,-0.662354
1541872968549529,0.694885,-0.162903,0.222778,-0.664063
1541872968748693,0.696167,-0.154236,0.212769,-0.66803
1541872968780721,0.696228,-0.149231,0.206726,-0.671021
1541872968783703,0.696228,-0.143738,0.200378,-0.674133
1541872968805720,0.681763,-0.0829468,0.137085,-0.713806
1541872968847811,0.678711,-0.0715332,0.125793,-0.720032
1541872968850776,0.677673,-0.065918,0.120422,-0.722412
1541872968917815,0.676819,-0.0603638,0.115173,-0.724609
1541872968938842,0.676331,-0.0549927,0.109741,-0.726318
1541872968961870,0.675354,-0.0444336,0.0986938,-0.729492
1541872969041971,0.674622,-0.0394287,0.0929565,-0.731201
1541872969067992,0.673889,-0.034729,0.0871582,-0.732849
1541872969193060,0.672852,-0.00866699,0.0540161,-0.737732
1541872969223068,0.679443,0.00958252,0.0279541,-0.733093
1541872969253109,0.68103,0.0141602,0.0237427,-0.731689
1541872969306152,0.684937,0.0319824,0.0144043,-0.727722
1541872969308149,0.685547,0.036438,0.0108643,-0.72699
1541872969314159,0.685974,0.0401611,0.00695801,-0.726501
1541872969326164,0.686157,0.0437622,0.00299072,-0.726135
1541872969344164,0.685974,0.0473022,-0.000793457,-0.726074
1541872969381196,0.685425,0.0507813,-0.00476074,-0.726318
1541872969386218,0.684875,0.0541992,-0.00897217,-0.726624
1541872969408236,0.68396,0.0577393,-0.0130615,-0.727112
1541872969442246,0.682922,0.0613403,-0.0172119,-0.727722
1541872969455257,0.681824,0.0650024,-0.0214844,-0.728333
1541872969501313,0.680908,0.0682373,-0.0253906,-0.728699
1541872969503297,0.680237,0.0707397,-0.0288086,-0.729004
1541872969532334,0.679871,0.0726929,-0.0317993,-0.729004
1541872969554349,0.679565,0.0740967,-0.0344849,-0.729004
1541872969621414,0.679199,0.0752563,-0.0369263,-0.729126
1541872969749513,0.678833,0.0764771,-0.0390015,-0.729248
1541872969755557,0.678406,0.0775146,-0.0408936,-0.729431
1541872969772520,0.671692,0.092041,-0.0558472,-0.732971
1541872969793550,0.671265,0.095459,-0.0577393,-0.732788
1541872969807547,0.67041,0.098877,-0.0580444,-0.733093
1541872969854605,0.669434,0.102295,-0.0564575,-0.733643
1541872969876603,0.668274,0.104797,-0.0532227,-0.734619
1541872969878624,0.66748,0.105896,-0.050293,-0.735352
1541872969899638,0.667114,0.107056,-0.046936,-0.735718
1541872969920655,0.666321,0.108459,-0.0432739,-0.73645
1541872969952667,0.666077,0.109436,-0.0391235,-0.736755
1541872970056762,0.665894,0.108887,-0.0349121,-0.737183
1541872970078790,0.665344,0.107361,-0.0314941,-0.738098
1541872970098806,0.66095,0.0914307,-0.0209961,-0.744507
1541872970257937,0.661072,0.086853,-0.0185547,-0.745056
1541872970303974,0.661499,0.0824585,-0.0159302,-0.745239
1541872970325974,0.665039,0.0505981,-0.00415039,-0.745056
1541872970386043,0.667847,0.0409546,-0.00897217,-0.743103
1541872970389040,0.66925,0.0396729,-0.010498,-0.741943
1541872970425069,0.670532,0.0389404,-0.012207,-0.740723
1541872970476116,0.672119,0.0385132,-0.0140991,-0.739319
1541872970499135,0.676025,0.0401001,-0.0143433,-0.735657
1541872970505141,0.67926,0.0437622,-0.0113525,-0.732483
1541872970538167,0.679688,0.0449829,-0.0108032,-0.731995
1541872970559171,0.679932,0.0457764,-0.0109863,-0.73175
1541872970574181,0.679871,0.0463867,-0.0108643,-0.73175
1541872970576199,0.67926,0.0471191,-0.010437,-0.7323
1541872970590191,0.678772,0.0477295,-0.00952148,-0.732727
1541872970625230,0.678406,0.0484009,-0.00836182,-0.733032
1541872970643253,0.678162,0.0490723,-0.00714111,-0.733215
1541872970648258,0.677612,0.050293,-0.00671387,-0.733643
1541872970664252,0.677002,0.052063,-0.00750732,-0.734131
1541872970729325,0.67572,0.0541992,-0.0067749,-0.735107
1541872970844401,0.674805,0.0550537,-0.00335693,-0.735962
1541872971084618,0.670044,0.050354,0.0178223,-0.740417
1541872971121683,0.66803,0.0473633,0.0302734,-0.742004
1541872971123631,0.6698,0.0515137,0.038269,-0.739746
1541872971137642,0.669373,0.0546265,0.0396729,-0.739868
1541872971142649,0.669861,0.057373,0.0413818,-0.739075
1541872971196707,0.669006,0.059082,0.0430298,-0.739624
1541872971291789,0.668457,0.0601807,0.0435791,-0.740051
1541872971352821,0.666443,0.0640259,0.0420532,-0.741577
1541872971363848,0.663086,0.0792847,0.0389404,-0.743286
1541872971392854,0.661072,0.0842285,0.0355835,-0.744751
1541872971413924,0.660339,0.0856934,0.0349731,-0.745239
1541872971415890,0.659363,0.0876465,0.0338745,-0.745911
1541872971429890,0.658508,0.0897827,0.0325317,-0.74646
1541872971450922,0.657898,0.0915527,0.0307617,-0.746887
1541872971464922,0.657288,0.0930786,0.0287476,-0.747314
1541872971487941,0.656921,0.0946045,0.0265503,-0.747498
1541872971525974,0.656738,0.0963745,0.0239258,-0.747559
1541872971648082,0.656677,0.0984497,0.0212402,-0.747437
1541872971699125,0.656799,0.100281,0.0189209,-0.747131
1541872971735155,0.657471,0.106262,0.00469971,-0.745911
1541872971745145,0.658569,0.105957,-0.000793457,-0.744995
1541872971760176,0.65979,0.10498,-0.00640869,-0.744019
1541872971765160,0.660645,0.104065,-0.00964355,-0.743347
1541872971788180,0.66156,0.102966,-0.0135498,-0.742676
1541872971811216,0.662292,0.101868,-0.0177612,-0.742065
1541872971833216,0.663025,0.100647,-0.0219727,-0.741455
1541872971862259,0.66394,0.0995483,-0.026123,-0.740662
1541872971871266,0.665466,0.0986328,-0.0309448,-0.739258
1541872971892280,0.667603,0.0982056,-0.0360107,-0.737122
1541872971908277,0.668762,0.098938,-0.0409546,-0.735718
1541872971931306,0.668762,0.100769,-0.0460205,-0.735168
1541872971961337,0.669312,0.102722,-0.0498657,-0.734131
1541872971968329,0.670227,0.104004,-0.0533447,-0.73291
1541872971991346,0.671448,0.105591,-0.0567017,-0.731323
1541872972012366,0.673157,0.107361,-0.0593262,-0.729309
1541872972043408,0.674561,0.109131,-0.0614624,-0.727539
1541872972086443,0.675659,0.110901,-0.0631104,-0.726074
1541872972120453,0.676819,0.112671,-0.0652466,-0.724548
1541872972164491,0.677429,0.114136,-0.0674438,-0.723572
1541872972186527,0.676941,0.116638,-0.0706177,-0.723267
1541872972312630,0.676575,0.119629,-0.0715942,-0.723083
1541872972314622,0.677002,0.121643,-0.0714722,-0.722351
1541872972321636,0.679565,0.126099,-0.0718384,-0.719116
1541872972345657,0.682617,0.128296,-0.0745239,-0.715515
1541872972365656,0.682678,0.128967,-0.0756226,-0.715271
1541872972373680,0.682434,0.129578,-0.0768433,-0.715271
1541872972418708,0.682007,0.130127,-0.0783691,-0.715393
1541872972435732,0.681458,0.130432,-0.0802002,-0.715698
1541872972448723,0.680725,0.130493,-0.0819092,-0.716125
1541872972450743,0.679932,0.130127,-0.0834351,-0.716797
1541872972454742,0.678711,0.129578,-0.0847168,-0.717896
1541872972501787,0.677551,0.128662,-0.0862427,-0.718994
1541872972509783,0.676453,0.127258,-0.0874634,-0.720154
1541872972545822,0.675415,0.125122,-0.0882568,-0.721375
1541872972547824,0.674194,0.122375,-0.0888672,-0.7229
1541872972560825,0.673035,0.119873,-0.0894775,-0.724304
1541872972573881,0.671814,0.117737,-0.09021,-0.725708
1541872972603870,0.670471,0.115967,-0.0911865,-0.727112
1541872972630893,0.669189,0.114624,-0.0924683,-0.728333
1541872972642902,0.66803,0.113831,-0.0935059,-0.72937
1541872972655913,0.666992,0.113586,-0.0943604,-0.730286
1541872972688921,0.666077,0.113464,-0.0946655,-0.731079
1541872972693927,0.664734,0.113037,-0.0934448,-0.732544
1541872972715998,0.664185,0.111816,-0.0914307,-0.733459
1541872972748024,0.664124,0.110779,-0.0894165,-0.733948
1541872972753993,0.663879,0.10968,-0.0878296,-0.734497
1541872972778999,0.663208,0.108093,-0.0866699,-0.735474
1541872972802053,0.662903,0.105957,-0.0861816,-0.736145
1541872972830057,0.66217,0.104065,-0.0861206,-0.737061
1541872972853077,0.661865,0.103027,-0.0869141,-0.737427
1541872972859081,0.662109,0.102844,-0.0890503,-0.736938
1541872972875073,0.662537,0.104065,-0.0924683,-0.736023
1541872972904117,0.662354,0.106628,-0.0975952,-0.735107
1541872972919129,0.661621,0.110718,-0.103577,-0.734375
1541872972937145,0.6604,0.116089,-0.107361,-0.73407
1541872972989187,0.659302,0.121338,-0.108398,-0.73407
1541872972991171,0.658752,0.126038,-0.107971,-0.733826
1541872972997193,0.657837,0.130127,-0.108215,-0.733887
1541872973019211,0.656128,0.134033,-0.108154,-0.734741
1541872973050219,0.654602,0.137268,-0.107361,-0.735596
1541872973055230,0.653503,0.139343,-0.105774,-0.73645
1541872973076259,0.652405,0.140076,-0.104004,-0.737488
1541872973099272,0.651611,0.139465,-0.102356,-0.738586
1541872973123288,0.65094,0.138306,-0.101501,-0.739502
1541872973136308,0.650024,0.137512,-0.101135,-0.740479
1541872973176333,0.649109,0.136902,-0.101379,-0.741394
1541872973178343,0.648132,0.136597,-0.102661,-0.742126
1541872973206348,0.647339,0.13678,-0.104614,-0.742493
1541872973222361,0.646729,0.137268,-0.107239,-0.742615
1541872973237382,0.645935,0.138062,-0.110535,-0.742676
1541872973256404,0.644775,0.139893,-0.114685,-0.742676
1541872973278427,0.643616,0.143433,-0.119507,-0.742249
1541872973296439,0.643005,0.148193,-0.124634,-0.740967
1541872973319439,0.642456,0.153564,-0.130249,-0.73938
1541872973338475,0.641479,0.158447,-0.134094,-0.738525
1541872973378491,0.64093,0.162476,-0.136414,-0.737732
1541872973383495,0.641174,0.165588,-0.137817,-0.736572
1541872973400509,0.641846,0.167664,-0.138306,-0.735413
1541872973431551,0.6427,0.167786,-0.138306,-0.734619
1541872973439559,0.643616,0.166199,-0.137573,-0.734314
1541872973469578,0.643494,0.16333,-0.135559,-0.735474
1541872973535618,0.643066,0.160339,-0.132385,-0.737
1541872973560658,0.64209,0.15802,-0.127258,-0.739258
1541872973612701,0.647705,0.14624,-0.102051,-0.740723
1541872973633718,0.649231,0.14386,-0.0947876,-0.740784
1541872973636717,0.651184,0.140869,-0.0882568,-0.740479
1541872973695769,0.652832,0.137634,-0.0844727,-0.740112
1541872973708780,0.653625,0.134399,-0.0839233,-0.740051
1541872973716786,0.652771,0.124878,-0.0911865,-0.741638
1541872973739797,0.651794,0.118835,-0.0897827,-0.743591
1541872973785839,0.651855,0.11084,-0.0877686,-0.745056
1541872973822870,0.652588,0.104004,-0.0856323,-0.745667
1541872973844891,0.652405,0.0973511,-0.0827026,-0.747009
1541872973866946,0.652588,0.0845337,-0.074585,-0.749268
1541872973896935,0.652527,0.0787354,-0.0708008,-0.750366
1541872973898927,0.65271,0.0740967,-0.0678711,-0.750916
1541872973971998,0.653137,0.0715332,-0.0648804,-0.751099
1541872973973980,0.655212,0.0705566,-0.0618896,-0.749573
1541872973987995,0.656433,0.0799561,-0.0541382,-0.74823
1541872973993010,0.65448,0.085083,-0.0548706,-0.749268
1541872974016018,0.652222,0.0900269,-0.0570068,-0.750549
1541872974037051,0.650085,0.0942383,-0.0598145,-0.751648
1541872974060060,0.64856,0.0975342,-0.062439,-0.752319
1541872974077083,0.647461,0.0999756,-0.0650024,-0.752747
1541872974097100,0.646851,0.101807,-0.0672607,-0.752808
1541872974113113,0.64624,0.103577,-0.0692139,-0.75293
1541872974136128,0.646057,0.105286,-0.0713501,-0.752625
1541872974158183,0.645813,0.1073,-0.0739136,-0.752258
1541872974173162,0.645752,0.109558,-0.0769653,-0.751709
1541872974196181,0.645447,0.111755,-0.0800781,-0.751343
1541872974218180,0.645264,0.113708,-0.0825806,-0.750916
1541872974242216,0.645142,0.115234,-0.0840454,-0.75061
1541872974295264,0.645142,0.116089,-0.0857544,-0.750305
1541872974301269,0.645325,0.117126,-0.0875854,-0.749817
1541872974316280,0.645203,0.120117,-0.0911255,-0.749023
1541872974346326,0.644714,0.121216,-0.0928955,-0.749023
1541872974368304,0.644409,0.121704,-0.0950928,-0.748962
1541872974376331,0.644348,0.121887,-0.0976563,-0.748596
1541872974398329,0.644348,0.122131,-0.100342,-0.74823
1541872974413347,0.644836,0.122131,-0.102844,-0.747498
1541872974444384,0.645752,0.121338,-0.104919,-0.746521
1541872974467386,0.647461,0.119507,-0.106628,-0.745056
1541872974487422,0.649536,0.117004,-0.108337,-0.743408
1541872974496420,0.65094,0.114319,-0.109863,-0.742371
1541872974518427,0.651855,0.111755,-0.110962,-0.741821
1541872974547454,0.652161,0.109314,-0.111084,-0.741882
1541872974565481,0.651978,0.107056,-0.110413,-0.742432
1541872974579498,0.652283,0.105408,-0.109192,-0.742615
1541872974601517,0.652588,0.104614,-0.107056,-0.742798
1541872974654559,0.653503,0.105042,-0.103088,-0.742493
1541872974676577,0.655457,0.106201,-0.0974731,-0.741333
1541872974704601,0.657837,0.107178,-0.0917969,-0.739807
1541872974731622,0.661621,0.106628,-0.0836792,-0.737488
1541872974835708,0.66272,0.105591,-0.0809326,-0.736938
1541872974915784,0.663513,0.104614,-0.0789795,-0.736572
1541872974940812,0.663696,0.0949097,-0.0778809,-0.737854
1541872974986834,0.665283,0.0926514,-0.076416,-0.736877
1541872974991820,0.664795,0.093811,-0.0772705,-0.737061
1541872975013856,0.66394,0.0953979,-0.0787964,-0.737488
1541872975019860,0.663025,0.097229,-0.0808105,-0.737854
1541872975036854,0.661743,0.0993042,-0.083374,-0.738464
1541872975058892,0.660461,0.101685,-0.0861816,-0.738953
1541872975080902,0.659485,0.104187,-0.0891113,-0.739136
1541872975095913,0.658813,0.106934,-0.0923462,-0.738953
1541872975118942,0.658508,0.110107,-0.0959473,-0.73822
1541872975140957,0.657898,0.113831,-0.0994873,-0.737793
1541872975155967,0.657043,0.117676,-0.10199,-0.73761
1541872975180994,0.655701,0.121033,-0.103271,-0.738098
1541872975200992,0.654724,0.123962,-0.104553,-0.738281
1541872975224029,0.653442,0.12738,-0.106628,-0.738586
1541872975246028,0.651917,0.131653,-0.109619,-0.738708
1541872975261040,0.650269,0.136169,-0.112854,-0.738831
1541872975300091,0.648621,0.140564,-0.115845,-0.738953
1541872975359140,0.647461,0.144836,-0.118042,-0.738831
1541872975362138,0.646423,0.149292,-0.120361,-0.738525
1541872975383140,0.645447,0.154358,-0.123413,-0.737793
1541872975404177,0.643616,0.164001,-0.130981,-0.736023
1541872975406160,0.642456,0.169556,-0.133057,-0.735413
1541872975426179,0.640564,0.175659,-0.13446,-0.735352
1541872975449214,0.638428,0.181702,-0.137329,-0.735229
1541872975464226,0.636353,0.187256,-0.140747,-0.734985
1541872975479221,0.634399,0.191711,-0.144836,-0.734741
1541872975501257,0.633423,0.194885,-0.149475,-0.733765
1541872975539288,0.632263,0.197327,-0.154724,-0.733032
1541872975541270,0.63031,0.200195,-0.160156,-0.732788
1541872975571299,0.628174,0.203674,-0.16571,-0.732483
1541872975616333,0.626282,0.207458,-0.170654,-0.731873
1541872975645375,0.62439,0.21051,-0.173889,-0.731873
1541872975665393,0.622498,0.213013,-0.175354,-0.732361
1541872975697414,0.619202,0.216492,-0.176331,-0.733948
1541872975720434,0.617859,0.218079,-0.177429,-0.734314
1541872975741490,0.616943,0.219482,-0.178955,-0.734314
1541872975747460,0.615479,0.222229,-0.181396,-0.73407
1541872975773481,0.614624,0.224487,-0.182678,-0.733826
1541872975786473,0.61322,0.226868,-0.184082,-0.733948
1541872975824558,0.611633,0.22876,-0.18512,-0.734375
1541872975826507,0.609924,0.230042,-0.186768,-0.734985
1541872975847524,0.608032,0.231323,-0.189209,-0.735474
1541872975867562,0.606384,0.232605,-0.191345,-0.735962
1541872975899584,0.604919,0.233276,-0.192688,-0.736511
1541872975901568,0.604065,0.233582,-0.19342,-0.736938
1541872975926607,0.603516,0.233765,-0.193787,-0.737244
1541872975953622,0.603394,0.23407,-0.194275,-0.737183
1541872975967622,0.603149,0.234314,-0.194763,-0.737122
1541872975981645,0.603516,0.23468,-0.195251,-0.736572
1541872976004672,0.604309,0.234924,-0.195862,-0.735718
1541872976042705,0.605042,0.235229,-0.196899,-0.734741
1541872976054749,0.605896,0.235901,-0.198486,-0.733337
1541872976063712,0.606628,0.237488,-0.201294,-0.731506
1541872976078733,0.606323,0.239929,-0.205444,-0.729797
1541872976102753,0.605652,0.242981,-0.210205,-0.728027
1541872976123751,0.604736,0.246033,-0.215454,-0.726196
1541872976153795,0.603516,0.248657,-0.21936,-0.725098
1541872976169843,0.602905,0.248962,-0.221191,-0.724976
1541872976191833,0.604492,0.248413,-0.22229,-0.723572
1541872976204838,0.605835,0.247864,-0.221436,-0.722839
1541872976251912,0.607117,0.247498,-0.220276,-0.722229
1541872976253875,0.608887,0.247681,-0.219482,-0.720886
1541872976492054,0.610596,0.247803,-0.219238,-0.719482
1541872976515084,0.612244,0.24762,-0.218689,-0.718323
1541872976545107,0.632935,0.234924,-0.197021,-0.710876
1541872976589189,0.634033,0.231384,-0.19574,-0.711426
1541872976595154,0.638,0.225708,-0.190491,-0.711121
1541872976621181,0.643188,0.221436,-0.182983,-0.709839
1541872976664196,0.645691,0.21991,-0.178894,-0.709045
1541872976672222,0.648682,0.219055,-0.175232,-0.70752
1541872976694267,0.653503,0.21759,-0.169617,-0.704895
1541872976716238,0.655334,0.217224,-0.167419,-0.703735
1541872976725266,0.656921,0.217285,-0.165894,-0.702637
1541872976745281,0.65802,0.217834,-0.164551,-0.701782
1541872976769286,0.658569,0.218567,-0.163879,-0.701172
1541872976791319,0.658691,0.219666,-0.163879,-0.700745
1541872976822337,0.658691,0.221252,-0.164063,-0.700134
1541872976824347,0.658813,0.223267,-0.164246,-0.699341
1541872976845365,0.658752,0.225769,-0.164124,-0.698669
1541872976864381,0.658569,0.228882,-0.163574,-0.697937
1541872976897442,0.65863,0.231934,-0.162903,-0.697021
1541872976898394,0.65863,0.234802,-0.162659,-0.696167
1541872976919414,0.658325,0.237122,-0.163025,-0.695496
1541872976935439,0.657776,0.239258,-0.164001,-0.695068
1541872976946447,0.657043,0.241333,-0.165527,-0.694763
1541872976969466,0.656067,0.243408,-0.167358,-0.694519
1541872976991485,0.655029,0.245361,-0.169312,-0.694336
1541872977009490,0.65387,0.247192,-0.171082,-0.694275
1541872977039507,0.65271,0.249023,-0.172424,-0.694397
1541872977060543,0.651489,0.25061,-0.173767,-0.694702
1541872977066547,0.650391,0.252014,-0.174988,-0.694885
1541872977089566,0.649292,0.253357,-0.176086,-0.695129
1541872977114567,0.64801,0.2547,-0.177063,-0.695618
1541872977135595,0.646606,0.256287,-0.177917,-0.696106
1541872977156621,0.645081,0.257813,-0.179016,-0.696655
1541872977171633,0.643738,0.259399,-0.180237,-0.697021
1541872977189639,0.642334,0.260986,-0.18158,-0.697388
1541872977211667,0.640991,0.262573,-0.183044,-0.697571
1541872977243676,0.639832,0.264282,-0.184875,-0.697571
1541872977262709,0.638672,0.266052,-0.186829,-0.697449
1541872977285764,0.63739,0.268005,-0.189209,-0.697205
1541872977316774,0.636047,0.270325,-0.192078,-0.696716
1541872977318737,0.634644,0.273193,-0.195679,-0.695923
1541872977339771,0.632996,0.276184,-0.198792,-0.695374
1541872977414834,0.631348,0.278992,-0.201233,-0.695068
1541872977435886,0.630066,0.281372,-0.203552,-0.694519
1541872977564977,0.627808,0.285583,-0.206848,-0.693909
1541872977566955,0.62677,0.287415,-0.208008,-0.693726
1541872977580952,0.623047,0.292603,-0.209595,-0.694458
1541872977615999,0.619324,0.29425,-0.213135,-0.696045
1541872977708075,0.618591,0.294067,-0.21405,-0.696472
1541872977782135,0.617798,0.293884,-0.215149,-0.696899
1541872977850173,0.613342,0.295654,-0.223083,-0.697571
1541872977858195,0.611145,0.297852,-0.227722,-0.697083
1541872977916246,0.608948,0.30072,-0.233276,-0.695923
1541872977999302,0.608398,0.302124,-0.236145,-0.694824
1541872978065370,0.607666,0.304077,-0.239502,-0.693481
1541872978173450,0.602844,0.309204,-0.247498,-0.692627
1541872978246519,0.599854,0.308899,-0.246765,-0.695618
1541872978323584,0.599365,0.308044,-0.246521,-0.696533
1541872978376621,0.596863,0.305664,-0.247375,-0.699402
1541872978398626,0.595642,0.304993,-0.249023,-0.700195
1541872978450686,0.594055,0.305237,-0.253906,-0.699585
1541872978451673,0.593506,0.305664,-0.256165,-0.699097
1541872978507733,0.592712,0.306519,-0.259033,-0.698364
1541872978522747,0.590576,0.309082,-0.262146,-0.697876
1541872978548768,0.589661,0.309631,-0.262451,-0.698242
1541872978561779,0.588135,0.309631,-0.262939,-0.699341
1541872978584778,0.586731,0.309875,-0.264526,-0.699829
1541872978599807,0.586243,0.309998,-0.265198,-0.699951
1541872978637829,0.58606,0.309998,-0.266174,-0.699768
1541872978671869,0.585876,0.31012,-0.267334,-0.699341
1541872978713904,0.585815,0.310364,-0.268799,-0.69873
1541872978749934,0.585815,0.31073,-0.270386,-0.697998
1541872978751917,0.585083,0.313538,-0.273987,-0.695923
1541872978765946,0.585083,0.314087,-0.274353,-0.695557
1541872978786964,0.585022,0.314636,-0.274658,-0.69519
1541872978789962,0.584839,0.315613,-0.27533,-0.694641
1541872978840008,0.584473,0.316589,-0.276428,-0.694092
1541872978841990,0.583923,0.317383,-0.277649,-0.693726
1541872978863009,0.583496,0.318054,-0.278992,-0.693237
1541872978884032,0.583252,0.318481,-0.280457,-0.692688
1541872978915069,0.583008,0.318726,-0.281921,-0.692139
1541872978937123,0.582886,0.319031,-0.283447,-0.691467
1541872978940088,0.582642,0.319336,-0.285095,-0.690857
1541872978991113,0.582214,0.320007,-0.28656,-0.690308
1541872979013150,0.581787,0.320618,-0.287292,-0.690063
1541872979085210,0.581177,0.321228,-0.288574,-0.689758
1541872979141257,0.58075,0.321472,-0.289551,-0.689575
1541872979163276,0.580505,0.32196,-0.29071,-0.689087
1541872979236369,0.578186,0.328735,-0.301819,-0.683044
1541872979290359,0.576843,0.3302,-0.302856,-0.683044
1541872979310395,0.576294,0.330872,-0.303406,-0.682861
1541872979418465,0.57373,0.333679,-0.306885,-0.682129
1541872979419466,0.57135,0.335632,-0.312134,-0.680786
1541872979441504,0.570496,0.336243,-0.313965,-0.680359
1541872979514601,0.565369,0.336914,-0.319214,-0.681885
1541872979516557,0.564453,0.336548,-0.320374,-0.682312
1541872979567599,0.563538,0.336365,-0.321594,-0.682556
1541872979569609,0.559937,0.337891,-0.325317,-0.682983
1541872979591666,0.558838,0.338745,-0.327209,-0.682556
1541872979592610,0.5578,0.339844,-0.329346,-0.681885
1541872979618652,0.556702,0.341248,-0.331848,-0.680847
1541872979620653,0.555847,0.343201,-0.334534,-0.67926
1541872979634673,0.554993,0.345459,-0.338013,-0.677063
1541872979657663,0.553589,0.348206,-0.342102,-0.674744
1541872979671674,0.552002,0.351257,-0.346436,-0.672241
1541872979692746,0.550293,0.354431,-0.350708,-0.669739
1541872979708718,0.548462,0.357666,-0.355042,-0.667236
1541872979747752,0.546509,0.360779,-0.359436,-0.664795
1541872979768774,0.544739,0.363892,-0.363831,-0.66217
1541872979771776,0.542786,0.366882,-0.368896,-0.659302
1541872979791793,0.540833,0.3703,-0.374573,-0.655762
1541872979890874,0.53894,0.37384,-0.380249,-0.6521
1541872979919898,0.536987,0.377136,-0.385742,-0.648499
1541872979942897,0.528931,0.392334,-0.406738,-0.633179
1541872979986953,0.527466,0.396118,-0.412231,-0.628418
1541872979989951,0.525818,0.399963,-0.417908,-0.623596
1541872979995953,0.524292,0.404053,-0.422974,-0.618835
1541872979999963,0.522766,0.408752,-0.427307,-0.614075
1541872980014967,0.521362,0.413879,-0.431213,-0.609009
1541872980037995,0.52063,0.419006,-0.435181,-0.603333
1541872980053995,0.520813,0.423706,-0.439148,-0.596985
1541872980077028,0.521301,0.427856,-0.44342,-0.590332
1541872980092039,0.522156,0.432556,-0.44696,-0.583496
1541872980114040,0.522278,0.437439,-0.449524,-0.577759
1541872980135075,0.52179,0.441895,-0.4505,-0.573975
1541872980152089,0.520447,0.445374,-0.450256,-0.572754
1541872980188120,0.519043,0.447998,-0.449402,-0.572632
1541872980196120,0.518555,0.450745,-0.447571,-0.572388
1541872980212138,0.519409,0.453674,-0.444275,-0.571838
1541872980250173,0.520935,0.456238,-0.440002,-0.571777
1541872980263208,0.523193,0.45813,-0.435486,-0.571655
1541872980279174,0.525818,0.459412,-0.431519,-0.571167
1541872980300211,0.528503,0.460205,-0.428528,-0.570313
1541872980340279,0.530884,0.460449,-0.426453,-0.569519
1541872980342246,0.532532,0.459839,-0.425598,-0.569031
1541872980356254,0.533569,0.458191,-0.426147,-0.56897
1541872980375308,0.534851,0.455811,-0.427551,-0.568604
1541872980392279,0.53656,0.452698,-0.429749,-0.567871
1541872980414305,0.538635,0.449341,-0.431946,-0.566895
1541872980452336,0.540894,0.445679,-0.433594,-0.566345
1541872980454333,0.543518,0.4422,-0.434387,-0.56604
1541872980474354,0.546204,0.439148,-0.434387,-0.565796
1541872980496409,0.548401,0.436707,-0.434082,-0.565857
1541872980526411,0.550049,0.434998,-0.433411,-0.565979
1541872980550427,0.551697,0.434265,-0.432434,-0.565796
1541872980555421,0.553101,0.434265,-0.431335,-0.565186
1541872980577439,0.554016,0.434631,-0.430481,-0.564636
1541872980624478,0.55481,0.435242,-0.429688,-0.564026
1541872980627481,0.554199,0.43573,-0.429321,-0.564514
1541872980633481,0.553711,0.436584,-0.429443,-0.56427
1541872980654521,0.553223,0.437866,-0.43042,-0.562988
1541872980676507,0.552734,0.439575,-0.432678,-0.560364
1541872980699539,0.551147,0.440918,-0.436523,-0.557922
1541872980728563,0.549072,0.442688,-0.441162,-0.554932
1541872980753566,0.546814,0.44519,-0.445984,-0.551208
1541872980759586,0.544434,0.447571,-0.450439,-0.548096
1541872980774637,0.541931,0.449768,-0.453918,-0.545898
1541872980804629,0.540039,0.451721,-0.457092,-0.543518
1541872980826625,0.538025,0.454041,-0.460327,-0.540771
1541872980834654,0.535645,0.45636,-0.463867,-0.538208
1541872980856661,0.533081,0.458557,-0.467529,-0.535706
1541872980879729,0.530823,0.460876,-0.471313,-0.532593
1541872980901687,0.528381,0.463257,-0.475342,-0.529358
1541872980939738,0.525574,0.465759,-0.479553,-0.526245
1541872980942721,0.522461,0.467834,-0.483765,-0.52356
1541872980955732,0.518494,0.469299,-0.488281,-0.522034
1541872980976759,0.514893,0.471252,-0.491699,-0.52063
1541872981005789,0.512268,0.473206,-0.494568,-0.518799
1541872981014797,0.509827,0.474548,-0.497925,-0.516602
1541872981036800,0.507019,0.475525,-0.502075,-0.514526
1541872981057835,0.503845,0.476624,-0.506165,-0.512573
1541872981081835,0.500732,0.478027,-0.509949,-0.51062
1541872981103854,0.497253,0.479431,-0.513672,-0.508911
1541872981117920,0.494019,0.480835,-0.517151,-0.507263
1541872981135888,0.490906,0.482056,-0.520752,-0.505371
1541872981156899,0.487671,0.483215,-0.524597,-0.503479
1541872981177934,0.484436,0.484497,-0.528198,-0.501587
1541872981193947,0.481201,0.485413,-0.531494,-0.500305
1541872981216967,0.478149,0.486267,-0.53418,-0.499512
1541872981238020,0.475647,0.487366,-0.536438,-0.498474
1541872981253988,0.472717,0.48822,-0.538818,-0.497864
1541872981277032,0.469299,0.489136,-0.541199,-0.49762
1541872981298028,0.465637,0.490234,-0.54364,-0.497314
1541872981314043,0.461548,0.491638,-0.545959,-0.497131
1541872981320051,0.457275,0.493164,-0.548462,-0.496826
1541872981342069,0.452637,0.494385,-0.551575,-0.49646
1541872981368126,0.44751,0.495544,-0.555237,-0.495911
1541872981396114,0.441711,0.496826,-0.559265,-0.495239
1541872981402102,0.435547,0.49884,-0.562988,-0.494446
1541872981442188,0.429199,0.501465,-0.566589,-0.493347
1541872981444136,0.422241,0.504456,-0.570374,-0.491882
1541872981464150,0.415344,0.508606,-0.574158,-0.489075
1541872981488171,0.40802,0.513916,-0.577881,-0.485229
1541872981500196,0.39917,0.519836,-0.58197,-0.481384
1541872981530221,0.389282,0.5271,-0.58551,-0.477295
1541872981560249,0.377991,0.533264,-0.590454,-0.473389
1541872981586257,0.366699,0.538208,-0.596558,-0.468994
1541872981591275,0.356323,0.542419,-0.602966,-0.463928
1541872981613293,0.347412,0.546326,-0.608826,-0.458435
1541872981636348,0.339844,0.549622,-0.613953,-0.453308
1541872981642317,0.333557,0.552734,-0.61792,-0.448792
1541872981667331,0.32782,0.555664,-0.621338,-0.444702
1541872981687354,0.322693,0.558594,-0.624329,-0.440552
1541872981702347,0.31781,0.56134,-0.627441,-0.436096
1541872981724384,0.312988,0.563416,-0.631042,-0.431763
1541872981739396,0.308228,0.565125,-0.634583,-0.427734
1541872981780411,0.303894,0.566711,-0.637573,-0.424255
1541872981787418,0.299927,0.568359,-0.639893,-0.421387
1541872981799429,0.295776,0.569885,-0.641724,-0.419434
1541872981822465,0.291626,0.571167,-0.643311,-0.418213
1541872981840461,0.287537,0.572449,-0.644592,-0.417297
1541872981859531,0.283691,0.57373,-0.645752,-0.416382
1541872981882514,0.28009,0.575012,-0.64679,-0.415466
1541872981907515,0.276978,0.576355,-0.647461,-0.414612
1541872981919581,0.274353,0.577515,-0.647888,-0.414063
1541872981942564,0.2724,0.578674,-0.64801,-0.413574
1541872981960579,0.270996,0.579468,-0.647888,-0.413513
1541872981979595,0.269897,0.579834,-0.6474,-0.41449
1541872982002614,0.269958,0.580139,-0.646484,-0.415405
1541872982020629,0.270142,0.580261,-0.64563,-0.416443
1541872982039644,0.271118,0.580444,-0.644653,-0.417114
1541872982062646,0.272461,0.579895,-0.644165,-0.417725
1541872982080669,0.273926,0.579102,-0.64386,-0.418457
1541872982099695,0.275146,0.578064,-0.643555,-0.419495
1541872982122714,0.27655,0.576904,-0.643311,-0.420593
1541872982140718,0.277893,0.575378,-0.643188,-0.421997
1541872982159742,0.279602,0.574036,-0.642761,-0.423218
1541872982182762,0.281677,0.573181,-0.642029,-0.424194
1541872982200758,0.28363,0.572144,-0.641479,-0.42511
1541872982221774,0.286011,0.571533,-0.640686,-0.425537
1541872982242803,0.288513,0.571106,-0.639893,-0.425659
1541872982259825,0.290894,0.570618,-0.639221,-0.425659
1541872982279878,0.293213,0.570435,-0.63855,-0.425354
1541872982301860,0.295044,0.570435,-0.638062,-0.424805
1541872982319870,0.29657,0.570679,-0.637756,-0.423889
1541872982340892,0.297424,0.571167,-0.637756,-0.422607
1541872982361910,0.298218,0.571899,-0.637695,-0.421143
1541872982385924,0.299133,0.572449,-0.637451,-0.420166
1541872982400936,0.300232,0.572937,-0.637085,-0.41925
1541872982421959,0.301025,0.573486,-0.63678,-0.418396
1541872982439956,0.301819,0.574036,-0.636536,-0.417358
1541872982460988,0.302612,0.574463,-0.636597,-0.416138
1541872982482009,0.303406,0.574646,-0.636719,-0.4151
1541872982500005,0.304443,0.574707,-0.636658,-0.414368
1541872982529030,0.305725,0.574829,-0.636414,-0.413635
1541872982542058,0.307068,0.574829,-0.636353,-0.412659
1541872982560063,0.308472,0.57489,-0.636597,-0.411316
1541872982581074,0.309814,0.574524,-0.63739,-0.409546
1541872982602108,0.311035,0.573792,-0.63855,-0.407776
1541872982621123,0.312622,0.572876,-0.639893,-0.405762
1541872982643142,0.314453,0.571777,-0.641541,-0.403198
1541872982665155,0.316772,0.570679,-0.643311,-0.400146
1541872982726206,0.320007,0.570679,-0.644104,-0.396301
1541872982755273,0.324585,0.572144,-0.64325,-0.391785
1541872982778234,0.334045,0.572388,-0.64209,-0.385376
1541872982805275,0.338196,0.570923,-0.641541,-0.384827
1541872982831292,0.342407,0.569214,-0.64032,-0.38562
1541872982852349,0.34729,0.568359,-0.637756,-0.386841
1541872982905357,0.355713,0.568481,-0.628296,-0.394409
1541872982907340,0.360291,0.569763,-0.622437,-0.397583
1541872982921351,0.36499,0.570313,-0.617493,-0.400391
1541872982927372,0.373962,0.570007,-0.609802,-0.404175
1541872982973405,0.377991,0.569397,-0.607483,-0.404785
1541872982980419,0.38092,0.567871,-0.606812,-0.405151
1541872982993430,0.382568,0.565796,-0.607483,-0.40564
1541872983009424,0.383057,0.563354,-0.60907,-0.406189
1541872983030461,0.382996,0.560974,-0.610962,-0.406555
1541872983039459,0.382874,0.559082,-0.61261,-0.406799
1541872983062469,0.382751,0.557312,-0.614014,-0.407288
1541872983084505,0.382568,0.555725,-0.615234,-0.407776
1541872983107525,0.382385,0.55481,-0.616028,-0.40802
1541872983128542,0.382202,0.554565,-0.616333,-0.408081
1541872983143587,0.381897,0.554932,-0.616333,-0.407837
1541872983159558,0.381653,0.555786,-0.615967,-0.407471
1541872983181584,0.381226,0.556702,-0.615723,-0.406921
1541872983202602,0.380737,0.557678,-0.615662,-0.406189
1541872983219616,0.380371,0.558838,-0.61554,-0.40509
1541872983241635,0.379944,0.559998,-0.615723,-0.403687
1541872983262652,0.379395,0.560791,-0.616577,-0.401794
1541872983285670,0.378418,0.561157,-0.618347,-0.399414
1541872983301664,0.377258,0.561035,-0.620972,-0.396606
1541872983322737,0.376099,0.560486,-0.624329,-0.393188
1541872983339698,0.374695,0.55957,-0.628418,-0.389343
1541872983361714,0.372986,0.558899,-0.632751,-0.384888
1541872983382751,0.370605,0.558228,-0.637634,-0.380066
1541872983398755,0.367493,0.557678,-0.642944,-0.374878
1541872983422784,0.363953,0.557251,-0.648438,-0.369507
1541872983444801,0.359558,0.556946,-0.654297,-0.363953
1541872983458795,0.354126,0.557007,-0.660339,-0.358093
1541872983481829,0.347473,0.558167,-0.66626,-0.351929
1541872983527905,0.339111,0.560059,-0.67218,-0.345764
1541872983529852,0.329285,0.562439,-0.678101,-0.339783
1541872983549908,0.318848,0.565979,-0.683411,-0.333069
1541872983570905,0.307617,0.570923,-0.687988,-0.325806
1541872983579913,0.295715,0.576721,-0.692078,-0.317749
1541872983601911,0.283142,0.584045,-0.695129,-0.309143
1541872983624932,0.269714,0.59198,-0.697449,-0.300659
1541872983638962,0.25647,0.598877,-0.7005,-0.291321
1541872983661972,0.24292,0.605652,-0.70343,-0.281677
1541872983684999,0.229187,0.612488,-0.706116,-0.271667
1541872983699011,0.215515,0.619019,-0.708679,-0.261047
1541872983722021,0.201965,0.624817,-0.711548,-0.249939
1541872983744031,0.188904,0.630005,-0.714539,-0.238464
1541872983766047,0.176331,0.634888,-0.717285,-0.226563
1541872983782061,0.163818,0.638855,-0.720459,-0.214539
1541872983805098,0.151306,0.642151,-0.723694,-0.202576
1541872983826108,0.138855,0.64502,-0.726746,-0.19104
1541872983842128,0.126648,0.648132,-0.729004,-0.179993
1541872983865145,0.114624,0.651001,-0.731018,-0.169312
1541872983886163,0.1026,0.653931,-0.732605,-0.158813
1541872983902160,0.0906982,0.656799,-0.733643,-0.148926
1541872983924197,0.0795288,0.659851,-0.734009,-0.139587
1541872983945215,0.0689697,0.662903,-0.733948,-0.130859
1541872983970226,0.0591431,0.66571,-0.733643,-0.122681
1541872984000241,0.0498657,0.668579,-0.733032,-0.114746
1541872984005247,0.0410156,0.671631,-0.731995,-0.107117
1541872984029307,0.0325928,0.674622,-0.730713,-0.0996704
1541872984044287,0.0245972,0.677368,-0.729431,-0.092041
1541872984067314,0.0172729,0.680054,-0.728149,-0.0841675
1541872984089330,0.0106812,0.682373,-0.72699,-0.0759888
1541872984112369,0.0045166,0.684631,-0.725769,-0.0673218
1541872984125363,-0.00152588,0.68689,-0.724426,-0.0582275
1541872984142372,-0.00750732,0.689087,-0.723022,-0.0485229
1541872984164393,-0.013855,0.691711,-0.721008,-0.0384521
1541872984185413,-0.0209961,0.693726,-0.71936,-0.0293579
1541872984202426,-0.0286255,0.694702,-0.718445,-0.0214233
1541872984224435,-0.036377,0.695557,-0.717407,-0.0144043
1541872984246462,-0.0440063,0.695679,-0.71698,-0.00744629
1541872984262477,-0.0512085,0.695862,-0.716309,-0.000549316
1541872984284476,-0.0580444,0.69635,-0.715332,0.00604248
1541872984305512,-0.0643921,0.696777,-0.714294,0.0120239
1541872984329511,-0.0703125,0.697205,-0.713196,0.0177002
1541872984344524,-0.0759277,0.697815,-0.711914,0.0231934
1541872984365560,-0.0809937,0.69873,-0.710205,0.0286255
1541872984389576,-0.0853271,0.699951,-0.708252,0.0338745
1541872984412595,-0.0889282,0.701416,-0.706116,0.0386353
1541872984425609,-0.09198,0.702759,-0.704163,0.0430298
1541872984441624,-0.0946045,0.704102,-0.702209,0.046814
1541872984464623,-0.0968628,0.705566,-0.700195,0.0501709
1541872984494648,-0.098999,0.707031,-0.698181,0.0531006
1541872984502660,-0.100769,0.708496,-0.696228,0.055481
1541872984524691,-0.102173,0.7099,-0.694458,0.0575562
1541872984547694,-0.103271,0.711243,-0.692749,0.0594482
1541872984561724,-0.104065,0.712402,-0.691284,0.0612793
1541872984584740,-0.104614,0.713318,-0.690063,0.0630493
1541872984630777,-0.105042,0.71405,-0.689148,0.0646362
1541872984635786,-0.105408,0.714539,-0.688477,0.06604
1541872984651790,-0.105652,0.714905,-0.687927,0.0671997
1541872984674815,-0.105896,0.715149,-0.6875,0.0681763
1541872984695870,-0.105957,0.715393,-0.687134,0.0690308
1541872984704826,-0.105896,0.715576,-0.686951,0.0697632
1541872984726839,-0.105591,0.715637,-0.686829,0.0706177
1541872984741871,-0.105347,0.715515,-0.68689,0.0714111
1541872984764890,-0.105164,0.715271,-0.687134,0.0722656
1541872984786889,-0.105103,0.714844,-0.6875,0.0731812
1541872984801920,-0.105103,0.714172,-0.688049,0.0740967
1541872984824939,-0.105164,0.713318,-0.688843,0.0748901
1541872984854963,-0.105225,0.712402,-0.689697,0.0756836
1541872984861969,-0.105286,0.711487,-0.690552,0.0765381
1541872984884988,-0.105164,0.710449,-0.691528,0.0774536
1541872984906998,-0.104736,0.709473,-0.692505,0.0784302
1541872984930026,-0.104126,0.708557,-0.69342,0.0793457
1541872984952024,-0.103394,0.707703,-0.694336,0.0801392
1541872984967039,-0.102661,0.706909,-0.695129,0.0807495
1541872984982065,-0.101929,0.706177,-0.695923,0.0813599
1541872985005123,-0.101135,0.705444,-0.696716,0.0817261
1541872985035092,-0.10022,0.704712,-0.697571,0.0820923
1541872985048158,-0.0994873,0.703918,-0.698425,0.0823364
1541872985065138,-0.0988159,0.703125,-0.699341,0.0826416
1541872985087136,-0.0982056,0.702454,-0.700012,0.0830078
1541872985108172,-0.0976563,0.701904,-0.700562,0.0834351
1541872985132173,-0.0971069,0.701294,-0.701233,0.0838623
1541872985155205,-0.0966187,0.700623,-0.701904,0.0842896
1541872985170241,-0.0961304,0.699951,-0.702576,0.0847168
1541872985185228,-0.0956421,0.699219,-0.703369,0.0852661
1541872985207235,-0.0951538,0.698425,-0.704102,0.0859985
1541872985228274,-0.0948486,0.697449,-0.705017,0.0869751
1541872985252295,-0.0947876,0.696228,-0.706116,0.0878906
1541872985267298,-0.0947266,0.695007,-0.707214,0.0886841
1541872985288321,-0.0946655,0.693726,-0.708374,0.0892334
1541872985310339,-0.0944824,0.692566,-0.709473,0.0897827
1541872985327353,-0.0942383,0.691406,-0.710571,0.090332
1541872985355375,-0.0940552,0.690369,-0.711609,0.0906982
1541872985364387,-0.0939941,0.689331,-0.712524,0.0909424
1541872985394389,-0.0939941,0.688293,-0.713562,0.0909424
1541872985409425,-0.0941162,0.687378,-0.714478,0.0906372
1541872985432440,-0.0942383,0.686462,-0.715332,0.090271
1541872985454439,-0.0946045,0.685669,-0.716125,0.0899658
1541872985468504,-0.0950317,0.684753,-0.71698,0.0897827
1541872985484465,-0.0956421,0.683655,-0.717896,0.0897827
1541872985507482,-0.0963745,0.682434,-0.718994,0.0897827
1541872985529501,-0.097229,0.680969,-0.720215,0.0897827
1541872985552539,-0.0982056,0.679199,-0.721741,0.0901489
1541872985574540,-0.0993042,0.677368,-0.723206,0.0910034
1541872985590605,-0.100403,0.675171,-0.724976,0.0922241
1541872985606578,-0.101379,0.672546,-0.727051,0.09375
1541872985627581,-0.102844,0.670105,-0.728882,0.0952759
1541872985649599,-0.104553,0.667175,-0.73114,0.0968628
1541872985670671,-0.106873,0.663879,-0.733643,0.0983887
1541872985687650,-0.109741,0.660706,-0.73584,0.0998535
1541872985709651,-0.113037,0.657349,-0.738159,0.101196
1541872985730685,-0.116943,0.654175,-0.740234,0.102417
1541872985747699,-0.121399,0.651367,-0.741821,0.103394
1541872985769699,-0.126282,0.648865,-0.743103,0.103821
1541872985782728,-0.131653,0.647339,-0.743591,0.103516
1541872985797740,-0.137024,0.646423,-0.74353,0.102722
1541872985812755,-0.142334,0.646057,-0.742981,0.101563
1541872985837771,-0.147278,0.645996,-0.742249,0.10022
1541872985869802,-0.151672,0.646057,-0.741455,0.0991821
1541872985873797,-0.155334,0.646179,-0.740662,0.0985107
1541872985894820,-0.158325,0.646362,-0.739929,0.0981445
1541872985918831,-0.160889,0.646301,-0.739441,0.0982056
1541872985932851,-0.163147,0.645874,-0.739197,0.0988159
1541872985954865,-0.1651,0.64502,-0.73938,0.0999756
1541872985972866,-0.166931,0.643799,-0.739868,0.101563
1541872985995904,-0.168579,0.642395,-0.740417,0.103333
1541872986023927,-0.170288,0.64093,-0.741089,0.105042
1541872986029932,-0.172058,0.639771,-0.741394,0.106812
1541872986052951,-0.173889,0.638611,-0.741699,0.108887
1541872986077951,-0.175781,0.637329,-0.742004,0.111145
1541872986098969,-0.177185,0.635864,-0.742432,0.114075
1541872986120006,-0.178162,0.635071,-0.742371,0.117554
1541872986135019,-0.179382,0.635132,-0.741516,0.120728
1541872986152033,-0.180908,0.635315,-0.74054,0.12384
1541872986176048,-0.182739,0.635254,-0.739624,0.12677
1541872986237103,-0.184326,0.634644,-0.739197,0.129639
1541872986251095,-0.185486,0.634277,-0.73877,0.132263
1541872986274133,-0.186218,0.634155,-0.737671,0.137878
1541872986278136,-0.186035,0.634644,-0.736694,0.141052
1541872986293149,-0.18573,0.635559,-0.735413,0.144104
1541872986323174,-0.185486,0.637268,-0.733521,0.146301
1541872986332182,-0.185303,0.639465,-0.731506,0.146973
1541872986356210,-0.184631,0.640564,-0.730713,0.147156
1541872986383222,-0.183411,0.641541,-0.730042,0.147888
1541872986392211,-0.181946,0.642029,-0.729736,0.148682
1541872986413245,-0.180359,0.642212,-0.730042,0.14856
1541872986435265,-0.178589,0.642395,-0.730591,0.147278
1541872986453281,-0.176514,0.643066,-0.730957,0.145081
1541872986472296,-0.174744,0.64447,-0.730713,0.142273
1541872986495316,-0.173279,0.646301,-0.730164,0.138306
1541872986513330,-0.171631,0.648315,-0.729675,0.133545
1541872986532381,-0.169434,0.650574,-0.729065,0.128601
1541872986555365,-0.166687,0.652893,-0.728394,0.124084
1541872986573380,-0.16333,0.654846,-0.727966,0.120483
1541872986592395,-0.159912,0.656433,-0.727844,0.117432
1541872986615449,-0.156311,0.657715,-0.727844,0.114929
1541872986633428,-0.152893,0.658386,-0.728333,0.112854
1541872986652444,-0.149536,0.658813,-0.728882,0.111267
1541872986675464,-0.145691,0.659302,-0.72937,0.109863
1541872986697482,-0.141479,0.65979,-0.730042,0.108276
1541872986720500,-0.137268,0.660522,-0.730469,0.106506
1541872986735513,-0.133301,0.661133,-0.730774,0.105347
1541872986753528,-0.129395,0.661743,-0.730957,0.105164
1541872986772543,-0.125854,0.662109,-0.731262,0.105042
1541872986795598,-0.122559,0.661926,-0.731995,0.104736
1541872986813577,-0.120483,0.662109,-0.7323,0.104126
1541872986840599,-0.119141,0.66217,-0.732544,0.103455
1541872986850603,-0.118469,0.662231,-0.732727,0.102722
1541872986873609,-0.118347,0.661316,-0.733582,0.1026
1541872986892643,-0.11908,0.660889,-0.733765,0.10321
1541872986910648,-0.120178,0.660339,-0.733887,0.10437
1541872986933677,-0.121643,0.659424,-0.734314,0.105652
1541872986952692,-0.123474,0.658447,-0.734619,0.107056
1541872986970688,-0.125854,0.657776,-0.734619,0.108643
1541872986993762,-0.128845,0.657104,-0.734436,0.110596
1541872987012777,-0.132874,0.656799,-0.733704,0.112671
1541872987035762,-0.137878,0.655945,-0.733215,0.114685
1541872987053758,-0.143555,0.654663,-0.732849,0.116882
1541872987074778,-0.14917,0.653748,-0.732178,0.119507
1541872987095806,-0.154907,0.652222,-0.731934,0.121948
1541872987112824,-0.161072,0.65094,-0.731384,0.124023
1541872987140834,-0.167908,0.650391,-0.730164,0.125122
1541872987155851,-0.174438,0.649658,-0.729248,0.125488
1541872987172874,-0.180237,0.64917,-0.72821,0.125549
1541872987193890,-0.184875,0.649109,-0.727112,0.125732
1541872987217948,-0.188232,0.649048,-0.726135,0.126648
1541872987232917,-0.190796,0.648621,-0.725525,0.128418
1541872987253976,-0.192505,0.647644,-0.725586,0.130615
1541872987275959,-0.193787,0.646484,-0.725891,0.132751
1541872987292966,-0.194885,0.645447,-0.726074,0.134888
1541872987314007,-0.196045,0.64447,-0.726196,0.137512
1541872987330002,-0.197327,0.643677,-0.725952,0.140503
1541872987353003,-0.198608,0.642822,-0.72583,0.143372
1541872987374020,-0.199768,0.641785,-0.725891,0.145935
1541872987390052,-0.200562,0.640747,-0.726013,0.14856
1541872987412112,-0.201111,0.639648,-0.726318,0.151306
1541872987435090,-0.201599,0.638428,-0.726746,0.153687
1541872987450102,-0.202148,0.637695,-0.726807,0.155762
1541872987472154,-0.20282,0.637268,-0.726563,0.157715
1541872987495122,-0.203247,0.63678,-0.726379,0.159912
1541872987516157,-0.20343,0.636658,-0.726013,0.162048
1541872987532153,-0.203369,0.636841,-0.725281,0.164307
1541872987555189,-0.203247,0.637939,-0.723877,0.166687
1541872987577203,-0.20282,0.639221,-0.722229,0.16925
1541872987592200,-0.201904,0.640076,-0.72113,0.171875
1541872987615238,-0.200623,0.640686,-0.720337,0.174194
1541872987629231,-0.199524,0.641418,-0.719666,0.175598
1541872987652255,-0.198792,0.641907,-0.719543,0.175293
1541872987675283,-0.198364,0.642517,-0.719604,0.173279
1541872987689279,-0.197876,0.64386,-0.719238,0.170166
1541872987712310,-0.197449,0.64624,-0.718201,0.166016
1541872987735320,-0.196594,0.64917,-0.716919,0.161072
1541872987763343,-0.194885,0.651917,-0.716125,0.15564
1541872987772364,-0.1922,0.655212,-0.714966,0.150452
1541872987795386,-0.188782,0.658325,-0.713867,0.145935
1541872987816439,-0.18512,0.66095,-0.713257,0.141846
1541872987840459,-0.181519,0.662964,-0.713013,0.138489
1541872987855432,-0.177795,0.664185,-0.713257,0.136169
1541872987876453,-0.174011,0.664246,-0.714294,0.135132
1541872987900473,-0.170288,0.663696,-0.71582,0.134705
1541872987915486,-0.166931,0.663086,-0.717346,0.133606
1541872987944509,-0.163635,0.663147,-0.718323,0.132324
1541872987952501,-0.160278,0.663635,-0.71875,0.131348
1541872987982522,-0.157043,0.664001,-0.719177,0.131042
1541872987996547,-0.153748,0.664246,-0.719666,0.131226
1541872988012565,-0.150574,0.664551,-0.719971,0.131775
1541872988035581,-0.14801,0.664734,-0.720154,0.13269
1541872988056592,-0.146057,0.66449,-0.72052,0.134155
1541872988072615,-0.144958,0.663879,-0.720947,0.136047
1541872988095621,-0.14447,0.663086,-0.721252,0.138428
1541872988123657,-0.144531,0.661804,-0.721924,0.141235
1541872988132665,-0.144897,0.660034,-0.7229,0.144348
1541872988155684,-0.145752,0.658081,-0.723755,0.147949
1541872988177702,-0.147339,0.655762,-0.72467,0.151855
1541872988215732,-0.149719,0.653015,-0.72583,0.155945
1541872988217728,-0.153137,0.650269,-0.726685,0.160034
1541872988235749,-0.157227,0.647583,-0.727234,0.164368
1541872988251751,-0.162109,0.64502,-0.727478,0.168945
1541872988274764,-0.167969,0.642883,-0.72699,0.173157
1541872988304787,-0.174622,0.640564,-0.72644,0.177307
1541872988320820,-0.182251,0.637878,-0.725769,0.181946
1541872988342838,-0.190735,0.634583,-0.725281,0.187012
1541872988373856,-0.200012,0.630859,-0.724548,0.192444
1541872988395916,-0.209839,0.627502,-0.723145,0.198059
1541872988397865,-0.219849,0.624207,-0.721497,0.203735
1541872988423905,-0.229431,0.62085,-0.719666,0.209778
1541872988447925,-0.238647,0.61731,-0.717896,0.21582
1541872988454910,-0.247559,0.614136,-0.715881,0.221619
1541872988477984,-0.255737,0.611023,-0.713806,0.2276
1541872988515980,-0.263489,0.607727,-0.71167,0.23407
1541872988520965,-0.27124,0.604919,-0.709167,0.240112
1541872988537998,-0.278381,0.601868,-0.707214,0.245239
1541872988567032,-0.284973,0.598999,-0.705627,0.249146
1541872988577031,-0.291138,0.596069,-0.704285,0.252808
1541872988605035,-0.297913,0.592651,-0.703125,0.256226
1541872988666136,-0.305298,0.589722,-0.701416,0.25885
1541872988668088,-0.312378,0.587158,-0.699524,0.261475
1541872988674111,-0.318726,0.584595,-0.697754,0.26416
1541872988696110,-0.324158,0.581604,-0.696838,0.266541
1541872988701132,-0.32843,0.578308,-0.696655,0.268982
1541872988734160,-0.331787,0.574829,-0.696716,0.272156
1541872988739144,-0.335266,0.572815,-0.695618,0.274963
1541872988763179,-0.338867,0.571106,-0.694214,0.277588
1541872988777196,-0.342957,0.569336,-0.69281,0.279846
1541872988798212,-0.347107,0.567139,-0.691528,0.282349
1541872988815227,-0.351196,0.565491,-0.689514,0.285339
1541872988845248,-0.355408,0.563965,-0.687378,0.28833
1541872988860260,-0.358765,0.561462,-0.685974,0.292297
1541872988875276,-0.361877,0.558228,-0.684814,0.297302
1541872988898278,-0.365723,0.556885,-0.682068,0.301514
1541872988921296,-0.369507,0.555969,-0.678955,0.305664
1541872988959326,-0.372925,0.555298,-0.675781,0.309692
1541872988963332,-0.376221,0.554504,-0.672913,0.313477
1541872989018395,-0.379822,0.554199,-0.669189,0.317444
1541872989020386,-0.384155,0.553711,-0.665527,0.320801
1541872989034404,-0.389282,0.552063,-0.66272,0.323242
1541872989047410,-0.39563,0.5495,-0.660767,0.323975
1541872989101449,-0.402649,0.545715,-0.659912,0.323303
1541872989108449,-0.410095,0.539856,-0.660522,0.322693
1541872989124482,-0.426453,0.526978,-0.660583,0.322632
1541872989153489,-0.433472,0.520569,-0.661011,0.322754
1541872989160512,-0.439453,0.514954,-0.661072,0.323547
1541872989188535,-0.444336,0.510254,-0.6604,0.325684
1541872989198542,-0.447327,0.505798,-0.659973,0.329407
1541872989227557,-0.451111,0.502075,-0.658569,0.332825
1541872989234568,-0.454224,0.497864,-0.65741,0.337097
1541872989257582,-0.457092,0.4953,-0.655518,0.340637
1541872989287596,-0.458679,0.492493,-0.654602,0.344299
1541872989294621,-0.460083,0.48938,-0.654602,0.346924
1541872989317631,-0.462463,0.486572,-0.654602,0.347656
1541872989363670,-0.465149,0.484009,-0.654968,0.347046
1541872989378716,-0.467712,0.481567,-0.655884,0.345215
1541872989380689,-0.470215,0.479065,-0.65741,0.342346
1541872989439732,-0.473328,0.475891,-0.659973,0.337524
1541872989506796,-0.476624,0.474182,-0.661682,0.331909
1541872989525849,-0.485962,0.471313,-0.664734,0.31604
1541872989537813,-0.496216,0.462646,-0.673157,0.294189
1541872989603857,-0.49823,0.46344,-0.672974,0.289917
1541872989625932,-0.49884,0.461853,-0.673767,0.289734
1541872989630899,-0.50238,0.452637,-0.675842,0.293213
1541872989640911,-0.504028,0.448608,-0.676819,0.294373
1541872989660924,-0.505066,0.443604,-0.678284,0.296692
1541872989690948,-0.505005,0.436462,-0.680969,0.301331
1541872989700957,-0.504822,0.427063,-0.684204,0.307678
1541872989722974,-0.50647,0.415894,-0.687683,0.312439
1541872989737987,-0.510559,0.406128,-0.689392,0.314941
1541872989774017,-0.515686,0.397156,-0.689636,0.317505
1541872989789028,-0.520813,0.387878,-0.689453,0.320984
1541872989798037,-0.525452,0.375916,-0.690002,0.326416
1541872989820045,-0.53064,0.361694,-0.69104,0.331848
1541872989866129,-0.537231,0.347656,-0.691101,0.335999
1541872989868076,-0.544434,0.332458,-0.690918,0.340088
1541872989934144,-0.550781,0.313965,-0.691528,0.346252
1541872990001200,-0.557129,0.290466,-0.693481,0.352661
1541872990015251,-0.572388,0.236328,-0.696167,0.363159
1541872990037234,-0.624756,0.120239,-0.686035,0.353088
1541872990040235,-0.637512,0.0908203,-0.683533,0.343811
1541872990061253,-0.648254,0.0601196,-0.680115,0.337036
1541872990113296,-0.656982,0.0316772,-0.677002,0.330322
1541872990116281,-0.663574,0.00567627,-0.673828,0.325134
1541872990122285,-0.671021,-0.0201416,-0.668091,0.321045
1541872990142319,-0.676392,-0.0449219,-0.663208,0.317322
1541872990172345,-0.679199,-0.0634766,-0.661499,0.311707
1541872990211377,-0.679199,-0.0758057,-0.663574,0.304443
1541872990218385,-0.678711,-0.0829468,-0.666199,0.297791
1541872990220380,-0.677917,-0.0908203,-0.667847,0.29364
1541872990241386,-0.676086,-0.0983887,-0.670166,0.2901
1541872990271407,-0.673645,-0.103821,-0.67334,0.286438
1541872990471586,-0.672119,-0.106201,-0.676331,0.282166
1541872990517665,-0.671204,-0.107666,-0.678101,0.279541
1541872990750857,-0.670837,-0.108337,-0.678833,0.278259
1541872990766835,-0.659302,-0.0882568,-0.68512,0.297058
1541872990804847,-0.632996,-0.0477295,-0.68988,0.348083
1541872990818858,-0.630798,-0.0489502,-0.688843,0.353943
1541872990847902,-0.628967,-0.0505981,-0.687561,0.359375
1541872990850885,-0.627075,-0.0536499,-0.685852,0.365417
1541872990869920,-0.625793,-0.0582275,-0.683533,0.371277
1541872990872922,-0.625061,-0.0637817,-0.680908,0.376465
1541872990900941,-0.625244,-0.0687866,-0.678345,0.379822
1541872990921962,-0.626648,-0.0718994,-0.67511,0.38269
1541872990935973,-0.628296,-0.0740967,-0.670898,0.386902
1541872990970003,-0.629456,-0.0755005,-0.666809,0.391907
1541872990975005,-0.630493,-0.0786133,-0.663208,0.39563
1541872990996059,-0.633545,-0.0803223,-0.657959,0.399109
1541872991052066,-0.635803,-0.0824585,-0.650879,0.406616
1541872991066117,-0.635193,-0.0876465,-0.644836,0.416016
1541872991072082,-0.636963,-0.0961914,-0.638489,0.421265
1541872991097109,-0.634338,-0.102051,-0.637878,0.424683
1541872991157147,-0.631958,-0.108032,-0.638,0.426636
1541872991328288,-0.633667,-0.111145,-0.637024,0.424744
1541872991402372,-0.641357,-0.120667,-0.627014,0.425415
1541872991839762,-0.678772,-0.184753,-0.585266,0.403381
1541872991846705,-0.702087,-0.0415039,-0.656555,0.272705
1541872991868742,-0.683655,0.093689,-0.714111,0.117981
1541872991870724,-0.680298,0.104553,-0.717773,0.105408
1541872991891742,-0.677124,0.114685,-0.720459,0.0963745
1541872991921786,-0.674316,0.123413,-0.722412,0.0907593
1541872991943805,-0.672302,0.131104,-0.723511,0.0862427
1541872991945787,-0.671448,0.13855,-0.723694,0.0792236
1541872991981818,-0.671753,0.148193,-0.722473,0.069458
1541872991996829,-0.671448,0.160522,-0.721069,0.0596924
1541872992024867,-0.670471,0.171814,-0.71991,0.0524292
1541872992040884,-0.668457,0.180542,-0.720032,0.0467529
1541872992055892,-0.66571,0.189453,-0.720703,0.0397949
1541872992069946,-0.661987,0.19989,-0.72168,0.0328979
1541872992091926,-0.657532,0.209961,-0.723145,0.026001
1541872992115928,-0.652344,0.219116,-0.725403,0.0175781
1541872992146974,-0.646423,0.227051,-0.728394,0.00994873
1541872992166988,-0.640747,0.233521,-0.731384,0.00408936
