timestamp,roll,pitch,yaw
1541872950161359,-0.859913,0.198389,2.60519
1541872950186396,-0.860078,0.198134,2.606
1541872950206397,-0.860177,0.197697,2.60666
1541872950221409,-0.860609,0.19707,2.60709
1541872950245429,-0.86087,0.196727,2.60707
1541872950266460,-0.86159,0.196334,2.60722
1541872950323503,-0.862046,0.195675,2.60724
1541872950324495,-0.862865,0.195161,2.60714
1541872950325505,-0.863188,0.194749,2.60702
1541872950338517,-0.863752,0.194711,2.60691
1541872950356535,-0.863609,0.194736,2.60688
1541872950379558,-0.863609,0.194736,2.60688
1541872950398569,-0.863639,0.19476,2.60697
1541872950433640,-0.863496,0.194785,2.60695
1541872950439608,-0.863246,0.194307,2.60734
1541872950454620,-0.863176,0.193961,2.6078
1541872950485641,-0.862842,0.193586,2.6087
1541872950491651,-0.862975,0.192774,2.60951
1541872950513669,-0.862711,0.19206,2.61032
1541872950536687,-0.863244,0.191552,2.61107
1541872950551701,-0.86313,0.191347,2.61182
1541872950573718,-0.864099,0.190899,2.61261
1541872950596738,-0.864294,0.190732,2.61329
1541872950611750,-0.864415,0.190251,2.61386
1541872950633803,-0.864785,0.189965,2.61437
1541872950656786,-0.864998,0.189351,2.61501
1541872950671795,-0.864926,0.188904,2.61587
1541872950693817,-0.865269,0.188549,2.61719
1541872950716831,-0.866133,0.187783,2.61846
1541872950731848,-0.867082,0.187033,2.6195
1541872950753867,-0.867643,0.186114,2.62057
1541872950776885,-0.867816,0.18511,2.62158
1541872950791894,-0.867811,0.183973,2.62252
1541872950813916,-0.868014,0.182774,2.62374
1541872950836919,-0.86805,0.18126,2.62482
1541872950851957,-0.8678,0.179676,2.62557
1541872950873965,-0.867682,0.178116,2.62644
1541872950895984,-0.868254,0.176414,2.62736
1541872950910995,-0.868592,0.174888,2.62886
1541872950934051,-0.869057,0.172916,2.63036
1541872950956034,-0.869244,0.170458,2.63189
1541872950973047,-0.868606,0.168268,2.63394
1541872950994064,-0.868257,0.166331,2.63638
1541872951016082,-0.86752,0.164387,2.63922
1541872951031078,-0.86657,0.162317,2.64231
1541872951054098,-0.865931,0.160033,2.64507
1541872951076115,-0.865636,0.158182,2.64739
1541872951091144,-0.864576,0.156065,2.64967
1541872951114147,-0.863274,0.15413,2.65226
1541872951136218,-0.86248,0.152107,2.65488
1541872951151194,-0.861703,0.149731,2.65766
1541872951174194,-0.861084,0.146864,2.66035
1541872951196232,-0.85986,0.143819,2.6633
1541872951211245,-0.857718,0.140619,2.66638
1541872951234263,-0.855375,0.137752,2.66981
1541872951256280,-0.852508,0.134988,2.67321
1541872951271288,-0.849642,0.132012,2.67646
1541872951294313,-0.846517,0.129047,2.67995
1541872951316313,-0.842362,0.126142,2.68369
1541872951331338,-0.837522,0.123328,2.68799
1541872951354398,-0.830721,0.120776,2.6923
1541872951376361,-0.824121,0.118224,2.69642
1541872951391375,-0.818263,0.115414,2.69999
1541872951415392,-0.812747,0.112019,2.70299
1541872951436430,-0.807352,0.108632,2.70541
1541872951454425,-0.801256,0.105777,2.70713
1541872951476497,-0.7951,0.103825,2.70802
1541872951496478,-0.789308,0.101723,2.70905
1541872951514493,-0.784444,0.0992315,2.70993
1541872951536549,-0.779396,0.0964404,2.71027
1541872951556528,-0.774046,0.0934226,2.7099
1541872951574524,-0.769227,0.0901961,2.70888
1541872951596557,-0.764622,0.0870746,2.70752
1541872951616578,-0.760181,0.083239,2.70578
1541872951634593,-0.755059,0.0792468,2.70393
1541872951656599,-0.749736,0.0750661,2.70213
1541872951676622,-0.74426,0.0709075,2.70061
1541872951693625,-0.738607,0.0661033,2.69899
1541872951722660,-0.732778,0.0615376,2.69752
1541872951736660,-0.726953,0.0565142,2.69582
1541872951753673,-0.720759,0.0511167,2.69429
1541872951775696,-0.714028,0.045864,2.69312
1541872951796721,-0.706846,0.0404641,2.69232
1541872951813739,-0.700392,0.034909,2.69185
1541872951835801,-0.694475,0.0282094,2.69144
1541872951856811,-0.688232,0.0212778,2.69124
1541872951873790,-0.681361,0.0144852,2.69096
1541872951895791,-0.675524,0.00719339,2.69138
1541872951916861,-0.670502,-0.00082624,2.69176
1541872951933822,-0.665026,-0.0088137,2.6922
1541872951955838,-0.660763,-0.0164646,2.6925
1541872951976911,-0.657947,-0.0237339,2.69255
1541872952000891,-0.65604,-0.0304306,2.69253
1541872952015903,-0.654119,-0.0366795,2.69265
1541872952036924,-0.652163,-0.0419367,2.69253
1541872952053938,-0.650977,-0.0461095,2.69224
1541872952075937,-0.650847,-0.0497959,2.69219
1541872952097012,-0.652299,-0.0532955,2.6926
1541872952114024,-0.654542,-0.0562933,2.69311
1541872952136000,-0.657614,-0.0589287,2.69407
1541872952157023,-0.660409,-0.0615643,2.6956
1541872952174071,-0.664579,-0.0653193,2.69752
1541872952196035,-0.670042,-0.0702989,2.70018
1541872952217053,-0.675383,-0.0756114,2.70397
1541872952233081,-0.680357,-0.0810132,2.70877
1541872952256085,-0.685576,-0.0862183,2.71487
1541872952277122,-0.689641,-0.0909065,2.72163
1541872952300141,-0.693638,-0.0953412,2.72783
1541872952318136,-0.698763,-0.0998847,2.73332
1541872952339208,-0.704269,-0.104615,2.73844
1541872952353185,-0.710325,-0.108794,2.74354
1541872952376185,-0.717126,-0.111388,2.74867
1541872952399217,-0.724524,-0.112755,2.75339
1541872952413235,-0.733149,-0.113528,2.75823
1541872952436252,-0.743313,-0.114856,2.76273
1541872952458270,-0.753472,-0.115636,2.76651
1541872952473266,-0.762962,-0.115665,2.76971
1541872952496298,-0.7721,-0.115393,2.77306
1541872952518301,-0.77972,-0.115448,2.77673
1541872952539374,-0.787742,-0.11621,2.78105
1541872952556333,-0.7983,-0.118298,2.78594
1541872952578368,-0.807514,-0.121461,2.79135
1541872952599387,-0.814697,-0.125403,2.79791
1541872952616402,-0.819783,-0.130132,2.80503
1541872952638411,-0.821892,-0.135133,2.81259
1541872952659472,-0.82322,-0.140166,2.82029
1541872952676468,-0.825616,-0.143863,2.82841
1541872952698462,-0.827338,-0.14653,2.83728
1541872952719490,-0.830443,-0.148622,2.84679
1541872952736500,-0.832392,-0.150227,2.85714
1541872952758501,-0.831508,-0.151187,2.86842
1541872952779535,-0.828548,-0.15163,2.8813
1541872952796549,-0.821616,-0.152334,2.8962
1541872952818557,-0.811435,-0.153547,2.91307
1541872952839585,-0.80109,-0.154573,2.92944
1541872952856594,-0.795193,-0.154794,2.94542
1541872952878597,-0.788302,-0.155487,2.96241
1541872952899635,-0.776461,-0.15762,2.98063
1541872952916648,-0.759602,-0.161273,2.9976
1541872952938648,-0.741027,-0.166662,3.01176
1541872952959721,-0.726038,-0.171365,3.02541
1541872952976736,-0.712964,-0.174335,3.03905
1541872952998698,-0.702932,-0.174874,3.05295
1541872953019770,-0.695774,-0.172329,3.06589
1541872953036745,-0.687871,-0.165706,3.07913
1541872953058748,-0.673901,-0.154382,3.0934
1541872953079784,-0.660112,-0.136913,3.11135
1541872953102839,-0.654531,-0.115677,3.13481
1541872953118806,-0.655339,-0.0937546,-3.1199
1541872953139828,-0.655847,-0.0735954,-3.08751
1541872953155827,-0.65709,-0.0567727,-3.05061
1541872953178847,-0.658126,-0.0446103,-3.00965
1541872953199866,-0.660288,-0.0369043,-2.96315
1541872953215895,-0.666414,-0.0350233,-2.91278
1541872953238897,-0.678691,-0.0404426,-2.86017
1541872953259932,-0.695771,-0.0532217,-2.80364
1541872953275945,-0.709623,-0.072054,-2.74029
1541872953298964,-0.719786,-0.0960174,-2.66887
1541872953320973,-0.727538,-0.125498,-2.59344
1541872953336033,-0.73126,-0.15751,-2.51538
1541872953359017,-0.7276,-0.195268,-2.43657
1541872953381026,-0.718211,-0.238653,-2.35915
1541872953396043,-0.701754,-0.286608,-2.28681
1541872953419062,-0.67932,-0.334912,-2.22082
1541872953441079,-0.653777,-0.384769,-2.16153
1541872953462098,-0.631329,-0.434375,-2.11169
1541872953479148,-0.607441,-0.483509,-2.07209
1541872953501113,-0.584673,-0.526698,-2.04232
1541872953522148,-0.572236,-0.561326,-2.01756
1541872953539197,-0.572584,-0.603553,-1.99635
1541872953561171,-0.582846,-0.636394,-1.97994
1541872953582197,-0.604417,-0.653722,-1.96826
1541872953599210,-0.629094,-0.657738,-1.96072
1541872953621210,-0.661236,-0.654239,-1.95434
1541872953642246,-0.696759,-0.65095,-1.95102
1541872953659256,-0.728532,-0.649067,-1.95115
1541872953687284,-0.758014,-0.645863,-1.95224
1541872953702297,-0.792851,-0.639335,-1.95466
1541872953719294,-0.834618,-0.630232,-1.96004
1541872953742329,-0.87576,-0.619364,-1.97014
1541872953762329,-0.910884,-0.606871,-1.98012
1541872953779367,-0.942771,-0.59377,-1.9866
1541872953801378,-0.965865,-0.573106,-1.98477
1541872953822395,-0.984723,-0.552439,-1.97324
1541872953838408,-1.01448,-0.537045,-1.95521
1541872953861423,-1.04643,-0.5272,-1.93562
1541872953882480,-1.06499,-0.521654,-1.91558
1541872953899456,-1.07064,-0.516853,-1.89665
1541872953921458,-1.08848,-0.513966,-1.87731
1541872953942529,-1.11394,-0.513502,-1.85874
1541872953958501,-1.1384,-0.515487,-1.84111
1541872953981509,-1.1596,-0.520255,-1.82253
1541872954002543,-1.17274,-0.524494,-1.80395
1541872954019539,-1.18619,-0.528098,-1.78704
1541872954041576,-1.20446,-0.534887,-1.77219
1541872954062593,-1.22113,-0.549007,-1.76192
1541872954078602,-1.22877,-0.568359,-1.75882
1541872954101641,-1.22624,-0.592784,-1.75881
1541872954122642,-1.22215,-0.625975,-1.76231
1541872954138656,-1.2184,-0.662923,-1.77048
1541872954161675,-1.22373,-0.703107,-1.7774
1541872954182692,-1.24608,-0.74336,-1.77973
1541872954198705,-1.26995,-0.787708,-1.77994
1541872954221725,-1.28079,-0.834361,-1.78372
1541872954243722,-1.27131,-0.874136,-1.80206
1541872954258735,-1.25781,-0.913448,-1.8323
1541872954281769,-1.24909,-0.953994,-1.87289
1541872954303787,-1.24588,-0.995047,-1.92669
1541872954318806,-1.22724,-1.02537,-1.99581
1541872954341824,-1.18668,-1.05555,-2.07943
1541872954363822,-1.131,-1.0836,-2.17857
1541872954384859,-1.05822,-1.1028,-2.29281
1541872954401871,-0.981707,-1.11628,-2.42101
1541872954423881,-0.902084,-1.12145,-2.55977
1541872954444908,-0.822329,-1.11833,-2.70028
1541872954461957,-0.748509,-1.10557,-2.83715
1541872954483921,-0.689783,-1.08257,-2.96368
1541872954506970,-0.645365,-1.04934,-3.07616
1541872954521968,-0.609676,-1.0114,3.10899
1541872954543991,-0.579279,-0.972299,3.02015
1541872954565007,-0.556086,-0.934631,2.93754
1541872954581023,-0.537571,-0.900786,2.85723
1541872954604041,-0.52008,-0.871704,2.77988
1541872954625092,-0.505667,-0.84798,2.70586
1541872954641053,-0.499121,-0.830553,2.63829
1541872954664088,-0.496492,-0.81913,2.57555
1541872954669074,-0.492264,-0.81166,2.51654
1541872954692111,-0.491722,-0.806309,2.46129
1541872954707123,-0.500904,-0.803396,2.41097
1541872954729142,-0.517419,-0.804098,2.3663
1541872954752161,-0.535506,-0.806863,2.3288
1541872954767174,-0.55244,-0.811228,2.29766
1541872954789191,-0.567554,-0.818987,2.27065
1541872954812211,-0.583156,-0.829477,2.24728
1541872954827223,-0.60211,-0.844146,2.22904
1541872954849276,-0.617974,-0.860953,2.21461
1541872954872260,-0.627501,-0.880196,2.20041
1541872954888254,-0.637767,-0.900928,2.186
1541872954909326,-0.665358,-0.924246,2.18439
1541872954932310,-0.695427,-0.942842,2.20156
1541872954947322,-0.705039,-0.95787,2.22958
1541872954969341,-0.702935,-0.970786,2.26342
1541872954987346,-0.710567,-0.981483,2.30758
1541872955006372,-0.728847,-0.989712,2.35953
1541872955029389,-0.7529,-0.99436,2.41299
1541872955064409,-0.776986,-0.995834,2.46465
1541872955069423,-0.802704,-0.99602,2.51462
1541872955090422,-0.823773,-0.998359,2.55575
1541872955104448,-0.866346,-1.01,2.61016
1541872955126470,-0.909116,-1.02926,2.6623
1541872955150470,-0.899842,-1.02737,2.6685
1541872955164538,-0.930715,-1.04297,2.70624
1541872955186520,-0.937522,-1.03935,2.72019
1541872955210534,-0.938766,-1.04473,2.72491
1541872955224553,-0.977805,-1.06218,2.77039
1541872955246568,-0.987349,-1.06936,2.79597
1541872955269588,-0.994057,-1.07583,2.81644
1541872955284600,-1.00684,-1.08218,2.83829
1541872955306617,-1.02207,-1.08902,2.85727
1541872955329638,-1.03607,-1.09333,2.87181
1541872955344649,-1.04887,-1.09624,2.88418
1541872955366668,-1.06254,-1.09913,2.89754
1541872955389687,-1.06061,-1.10005,2.89716
1541872955404699,-1.06324,-1.09455,2.90547
1541872955426717,-1.07965,-1.09418,2.92599
1541872955449736,-1.0881,-1.09411,2.93327
1541872955464748,-1.09638,-1.09155,2.94042
1541872955486759,-1.09829,-1.08888,2.94151
1541872955509785,-1.10054,-1.08609,2.94124
1541872955524798,-1.09773,-1.08391,2.93542
1541872955546816,-1.09529,-1.08249,2.92491
1541872955569836,-1.10085,-1.08384,2.92046
1541872955584843,-1.10443,-1.08642,2.91767
1541872955606865,-1.10246,-1.08807,2.9137
1541872955629884,-1.09912,-1.08939,2.90834
1541872955644895,-1.10446,-1.09207,2.90366
1541872955666915,-1.11137,-1.09935,2.89158
1541872955689915,-1.12632,-1.10756,2.87271
1541872955704927,-1.13818,-1.10695,2.8408
1541872955726999,-1.15083,-1.10401,2.81283
1541872955749980,-1.17132,-1.0992,2.80298
1541872955764993,-1.1948,-1.0895,2.8116
1541872955787010,-1.21175,-1.0779,2.82332
1541872955809032,-1.21956,-1.06167,2.82587
1541872955824026,-1.23009,-1.04016,2.82852
1541872955847065,-1.2431,-1.01513,2.83282
1541872955869081,-1.26419,-0.986764,2.84346
1541872955884094,-1.28525,-0.960231,2.85911
1541872955907108,-1.30016,-0.936255,2.87296
1541872955929131,-1.31499,-0.914564,2.88976
1541872955947127,-1.33266,-0.892788,2.91313
1541872955968145,-1.34397,-0.872038,2.94154
1541872955989180,-1.35177,-0.855288,2.9734
1541872956007183,-1.35928,-0.84078,3.00763
1541872956028194,-1.3719,-0.826004,3.04361
1541872956049213,-1.38905,-0.810351,3.08099
1541872956067225,-1.40054,-0.793818,3.11801
1541872956088242,-1.4093,-0.777907,-3.1276
1541872956109316,-1.41839,-0.763707,-3.09146
1541872956126302,-1.43052,-0.748865,-3.05773
1541872956149313,-1.43759,-0.733824,-3.02471
1541872956170329,-1.44018,-0.720286,-2.99055
1541872956186339,-1.44442,-0.708068,-2.95744
1541872956209363,-1.4529,-0.696442,-2.92507
1541872956230379,-1.46108,-0.686277,-2.89491
1541872956246373,-1.46889,-0.678081,-2.86729
1541872956269399,-1.47775,-0.670975,-2.84089
1541872956290428,-1.48338,-0.664867,-2.81288
1541872956306425,-1.4895,-0.66051,-2.78451
1541872956329496,-1.49355,-0.657173,-2.75802
1541872956350479,-1.49778,-0.651168,-2.73294
1541872956366471,-1.49991,-0.644963,-2.70875
1541872956389510,-1.49883,-0.639973,-2.68345
1541872956410510,-1.49798,-0.636092,-2.65618
1541872956426521,-1.49638,-0.633255,-2.62853
1541872956449561,-1.49178,-0.630837,-2.60204
1541872956470579,-1.48357,-0.630381,-2.57783
1541872956486570,-1.47472,-0.631597,-2.55478
1541872956509603,-1.46482,-0.633687,-2.53394
1541872956530662,-1.45401,-0.638349,-2.51726
1541872956546621,-1.44276,-0.644724,-2.50539
1541872956569640,-1.42983,-0.65251,-2.49831
1541872956590685,-1.41617,-0.660761,-2.49511
1541872956606672,-1.40122,-0.668018,-2.49485
1541872956629705,-1.38586,-0.674277,-2.49732
1541872956650723,-1.37033,-0.679589,-2.50243
1541872956666739,-1.35522,-0.684339,-2.51001
1541872956689741,-1.34239,-0.687569,-2.51819
1541872956709774,-1.33104,-0.690946,-2.52702
1541872956726769,-1.32028,-0.69611,-2.53717
1541872956748823,-1.31044,-0.703012,-2.54972
1541872956769824,-1.29867,-0.71277,-2.56544
1541872956786838,-1.28352,-0.723655,-2.58309
1541872956808848,-1.26572,-0.734889,-2.60215
1541872956829873,-1.24798,-0.746289,-2.62318
1541872956846886,-1.23519,-0.757627,-2.64734
1541872956868901,-1.22762,-0.768145,-2.67369
1541872956889958,-1.21859,-0.777301,-2.703
1541872956905916,-1.20699,-0.7866,-2.73564
1541872956928938,-1.1968,-0.794246,-2.77185
1541872956949972,-1.18927,-0.798933,-2.81122
1541872956965976,-1.18228,-0.79998,-2.85266
1541872956988994,-1.17458,-0.797243,-2.89491
1541872957010022,-1.17005,-0.790907,-2.93624
1541872957026017,-1.16812,-0.78165,-2.97597
1541872957049034,-1.1709,-0.770673,-3.0128
1541872957070071,-1.17493,-0.757529,-3.0475
1541872957086065,-1.17975,-0.743376,-3.08026
1541872957109085,-1.18494,-0.72964,-3.11228
1541872957139123,-1.18927,-0.798933,-2.81122
1541872957146114,-1.20576,-0.703162,3.11673
1541872957157124,-1.18228,-0.79998,-2.85266
1541872957169148,-1.22347,-0.690627,3.09597
1541872957192168,-1.24043,-0.679663,3.07261
1541872957206183,-1.26244,-0.671741,3.05233
1541872957229183,-1.27303,-0.6681,3.02678
1541872957252215,-1.28166,-0.662495,2.99824
1541872957273273,-1.30488,-0.655182,2.98036
1541872957289234,-1.31521,-0.648688,2.95678
1541872957312253,-1.32279,-0.638623,2.92997
1541872957333281,-1.34151,-0.627045,2.91144
1541872957349301,-1.35062,-0.618306,2.88983
1541872957371319,-1.3543,-0.609602,2.86372
1541872957393318,-1.3739,-0.597176,2.84707
1541872957409351,-1.38715,-0.589948,2.82975
1541872957431365,-1.38955,-0.583673,2.80435
1541872957452386,-1.39726,-0.578719,2.78086
1541872957469383,-1.40645,-0.573078,2.76081
1541872957499424,-1.4158,-0.568185,2.74128
1541872957512435,-1.42414,-0.562975,2.72216
1541872957529449,-1.43125,-0.557459,2.70314
1541872957551459,-1.43701,-0.552292,2.68313
1541872957572485,-1.44109,-0.54895,2.66267
1541872957589500,-1.4442,-0.548033,2.64226
1541872957611501,-1.45123,-0.545494,2.62288
1541872957632534,-1.45616,-0.542868,2.60403
1541872957649548,-1.46058,-0.541369,2.58496
1541872957671546,-1.46606,-0.540012,2.56633
1541872957692621,-1.47376,-0.538588,2.54832
1541872957708579,-1.47949,-0.536278,2.53044
1541872957731597,-1.48261,-0.533458,2.51302
1541872957752669,-1.48601,-0.530129,2.49609
1541872957769633,-1.48967,-0.526771,2.47938
1541872957791645,-1.49216,-0.522918,2.46419
1541872957814685,-1.49487,-0.518225,2.4508
1541872957829696,-1.49756,-0.512741,2.43867
1541872957851696,-1.49953,-0.507355,2.42747
1541872957872731,-1.50008,-0.502754,2.41693
1541872957888737,-1.49922,-0.498251,2.40722
1541872957911756,-1.49894,-0.493783,2.39872
1541872957932782,-1.49738,-0.488481,2.39099
1541872957948795,-1.49375,-0.483479,2.38381
1541872957971814,-1.4899,-0.479756,2.37718
1541872957992832,-1.48704,-0.476853,2.37127
1541872958008830,-1.48543,-0.474482,2.36611
1541872958031863,-1.48424,-0.472594,2.36183
1541872958052916,-1.48175,-0.471928,2.35768
1541872958068894,-1.47958,-0.472404,2.35401
1541872958091912,-1.47784,-0.473418,2.35074
1541872958113931,-1.4768,-0.474598,2.34791
1541872958128942,-1.47689,-0.47603,2.34535
1541872958151962,-1.47909,-0.477657,2.34313
1541872958173978,-1.48154,-0.479163,2.34111
1541872958188979,-1.48241,-0.480233,2.33918
1541872958212004,-1.48333,-0.480999,2.33753
1541872958234021,-1.48448,-0.481375,2.33617
1541872958249042,-1.48586,-0.48132,2.33533
1541872958272062,-1.48737,-0.480412,2.33495
1541872958294061,-1.48889,-0.479108,2.33495
1541872958309091,-1.48962,-0.477678,2.33489
1541872958332112,-1.49085,-0.475564,2.33518
1541872958354113,-1.49295,-0.472871,2.33619
1541872958369142,-1.49511,-0.469739,2.33724
1541872958392160,-1.49692,-0.466252,2.33846
1541872958414158,-1.49909,-0.461624,2.34023
1541872958429190,-1.50113,-0.455257,2.34268
1541872958452209,-1.50207,-0.449357,2.34606
1541872958474209,-1.50347,-0.444183,2.3504
1541872958495245,-1.50555,-0.438758,2.35574
1541872958512260,-1.50738,-0.432965,2.36197
1541872958534259,-1.50854,-0.427244,2.36811
1541872958555330,-1.51058,-0.42282,2.37451
1541872958572308,-1.51305,-0.417388,2.38182
1541872958594319,-1.51628,-0.410536,2.39102
1541872958615345,-1.51925,-0.402361,2.402
1541872958632357,-1.52097,-0.393472,2.41412
1541872958654368,-1.5215,-0.384771,2.4268
1541872958683417,-1.52078,-0.378069,2.44003
1541872958692389,-1.51896,-0.374113,2.45341
1541872958714425,-1.51817,-0.372314,2.46793
1541872958743446,-1.51971,-0.37193,2.48396
1541872958751438,-1.52209,-0.370608,2.50013
1541872958774471,-1.52437,-0.368876,2.51674
1541872958795493,-1.52433,-0.367788,2.53368
1541872958811505,-1.52724,-0.366505,2.55113
1541872958834526,-1.5297,-0.364307,2.56962
1541872958855542,-1.5312,-0.360992,2.58894
1541872958871555,-1.53411,-0.356665,2.60976
1541872958894574,-1.53696,-0.351504,2.63127
1541872958915592,-1.53915,-0.346458,2.65301
1541872958931606,-1.54273,-0.340828,2.67589
1541872958954626,-1.54696,-0.334325,2.70011
1541872958975677,-1.55127,-0.327431,2.72574
1541872958991657,-1.5557,-0.320357,2.75209
1541872959014672,-1.56045,-0.312771,2.77929
1541872959036673,-1.56643,-0.305708,2.80706
1541872959051703,-1.57276,-0.299149,2.83542
1541872959074723,-1.57875,-0.292882,2.86459
1541872959096721,-1.58462,-0.285787,2.89482
1541872959111733,-1.59055,-0.278078,2.92584
1541872959118740,-1.59565,-0.269932,2.95722
1541872959139778,-1.59976,-0.261815,2.98869
1541872959162794,-1.60342,-0.253718,3.02027
1541872959178808,-1.60589,-0.245455,3.05133
1541872959199821,-1.60735,-0.236808,3.08255
1541872959222842,-1.60841,-0.227048,3.11356
1541872959239860,-1.60755,-0.217332,-3.13906
1541872959259875,-1.60464,-0.208073,-3.10889
1541872959281928,-1.60007,-0.199009,-3.07871
1541872959298908,-1.59439,-0.19052,-3.04894
1541872959319924,-1.58801,-0.182719,-3.01928
1541872959341943,-1.58166,-0.175304,-2.98937
1541872959358938,-1.57487,-0.168577,-2.95932
1541872959379975,-1.56744,-0.163645,-2.92955
1541872959401992,-1.55938,-0.159093,-2.90066
1541872959419006,-1.55164,-0.155347,-2.87245
1541872959440023,-1.54309,-0.153002,-2.84531
1541872959462041,-1.53635,-0.149616,-2.8187
1541872959479057,-1.53067,-0.145609,-2.79237
1541872959500073,-1.52377,-0.141016,-2.76648
1541872959522090,-1.51583,-0.137008,-2.7408
1541872959539106,-1.50746,-0.13342,-2.71528
1541872959560122,-1.4993,-0.130922,-2.68974
1541872959582176,-1.49133,-0.129005,-2.6643
1541872959599194,-1.48435,-0.127673,-2.63922
1541872959620173,-1.47831,-0.127861,-2.61396
1541872959642225,-1.47374,-0.130014,-2.58807
1541872959659204,-1.47084,-0.133713,-2.56139
1541872959680222,-1.46892,-0.138585,-2.53423
1541872959702240,-1.46778,-0.143938,-2.5062
1541872959719254,-1.46595,-0.148708,-2.47703
1541872959740270,-1.46403,-0.151422,-2.44539
1541872959762270,-1.46418,-0.15285,-2.41153
1541872959780285,-1.46782,-0.152407,-2.37603
1541872959800315,-1.47314,-0.150826,-2.33954
1541872959822340,-1.48058,-0.148503,-2.30207
1541872959838351,-1.48752,-0.147546,-2.26435
1541872959860366,-1.49437,-0.148511,-2.22672
1541872959882388,-1.50205,-0.150375,-2.18922
1541872959898401,-1.50908,-0.151931,-2.15108
1541872959920400,-1.51563,-0.15352,-2.11204
1541872959942473,-1.52062,-0.155375,-2.0724
1541872959960452,-1.52348,-0.157599,-2.03273
1541872959979504,-1.52301,-0.159861,-1.99356
1541872960002487,-1.51902,-0.16237,-1.95552
1541872960020502,-1.51369,-0.164699,-1.91898
1541872960039518,-1.50723,-0.167998,-1.88387
1541872960069543,-1.50129,-0.171095,-1.85069
1541872960080551,-1.49699,-0.17356,-1.82049
1541872960099566,-1.49358,-0.174632,-1.79405
1541872960122586,-1.49107,-0.173953,-1.77106
1541872960140596,-1.49036,-0.171626,-1.75116
1541872960159652,-1.4906,-0.168199,-1.73428
1541872960182635,-1.49124,-0.164109,-1.72008
1541872960200647,-1.49223,-0.159046,-1.70821
1541872960219668,-1.49283,-0.15255,-1.698
1541872960242685,-1.49341,-0.145339,-1.68909
1541872960260700,-1.49456,-0.138245,-1.68151
1541872960279696,-1.49747,-0.131683,-1.67516
1541872960302734,-1.50189,-0.125634,-1.66968
1541872960320749,-1.50774,-0.119621,-1.66478
1541872960339764,-1.51445,-0.114418,-1.65984
1541872960357761,-1.52154,-0.10952,-1.65434
1541872960380798,-1.52829,-0.10568,-1.64865
1541872960399815,-1.53472,-0.103742,-1.64334
1541872960417820,-1.54253,-0.104261,-1.63878
1541872960440843,-1.553,-0.109771,-1.63543
1541872960459864,-1.5593,-0.121663,-1.63407
1541872960477879,-1.56099,-0.131273,-1.62935
1541872960500879,-1.56205,-0.135791,-1.62245
1541872960519913,-1.56259,-0.139613,-1.61681
1541872960537928,-1.56161,-0.14382,-1.61358
1541872960560947,-1.56213,-0.147081,-1.61143
1541872960580964,-1.56186,-0.148065,-1.60853
1541872960596958,-1.55947,-0.147426,-1.60481
1541872960619995,-1.55673,-0.146304,-1.60046
1541872960640996,-1.5545,-0.145381,-1.59622
1541872960657018,-1.55232,-0.144403,-1.59309
1541872960687032,-1.54943,-0.143607,-1.59018
1541872960701063,-1.54628,-0.142815,-1.58753
1541872960717068,-1.54221,-0.141528,-1.58555
1541872960740089,-1.53763,-0.139574,-1.58368
1541872960761103,-1.53326,-0.137611,-1.58241
1541872960777122,-1.52835,-0.135993,-1.58258
1541872960800126,-1.52366,-0.134727,-1.58363
1541872960821159,-1.51956,-0.134225,-1.58581
1541872960837164,-1.51651,-0.133708,-1.58851
1541872960860190,-1.51227,-0.134429,-1.59244
1541872960881208,-1.50818,-0.136325,-1.59711
1541872960904263,-1.50292,-0.140283,-1.60339
1541872960919239,-1.49779,-0.145644,-1.61087
1541872960942250,-1.49266,-0.152207,-1.61971
1541872960956264,-1.48609,-0.160585,-1.63058
1541872960979302,-1.48039,-0.168938,-1.64265
1541872961009313,-1.47548,-0.182566,-1.65721
1541872961032319,-1.46418,-0.200064,-1.67266
1541872961039323,-1.45615,-0.210134,-1.68525
1541872961062361,-1.44881,-0.213449,-1.69778
1541872961083378,-1.43763,-0.214714,-1.71247
1541872961099377,-1.4289,-0.213813,-1.72874
1541872961122409,-1.42316,-0.210842,-1.74621
1541872961143428,-1.41808,-0.206322,-1.76424
1541872961159431,-1.4166,-0.201074,-1.78243
1541872961182460,-1.41808,-0.194913,-1.80119
1541872961203476,-1.41942,-0.18804,-1.82066
1541872961219480,-1.42139,-0.180377,-1.84071
1541872961249494,-1.42308,-0.171902,-1.86084
1541872961263562,-1.42481,-0.163251,-1.8804
1541872961279535,-1.42702,-0.153901,-1.8989
1541872961317551,-1.42948,-0.143944,-1.91624
1541872961323574,-1.4324,-0.134337,-1.93263
1541872961339569,-1.43609,-0.125675,-1.9477
1541872961362608,-1.44046,-0.118307,-1.96172
1541872961383624,-1.4455,-0.112095,-1.97404
1541872961399619,-1.45146,-0.106525,-1.98461
1541872961422650,-1.4566,-0.101257,-1.99297
1541872961443670,-1.4612,-0.0968005,-1.99954
1541872961459670,-1.46488,-0.0929356,-2.0043
1541872961482700,-1.46744,-0.0910289,-2.00774
1541872961503715,-1.46961,-0.0899242,-2.00957
1541872961519719,-1.47631,-0.0912601,-2.01003
1541872961541797,-1.47827,-0.0931428,-2.01005
1541872961563759,-1.48045,-0.0932155,-2.00934
1541872961579785,-1.48028,-0.0930667,-2.00885
1541872961601839,-1.47589,-0.0937354,-2.00864
1541872961622822,-1.46964,-0.095283,-2.0075
1541872961646841,-1.46489,-0.0963456,-2.00521
1541872961661852,-1.46281,-0.0977637,-2.00264
1541872961682872,-1.46085,-0.0994692,-2.0012
1541872961698865,-1.45994,-0.100714,-1.99972
1541872961721885,-1.45888,-0.100956,-1.99767
1541872961742922,-1.45655,-0.100517,-1.99508
1541872961759953,-1.45327,-0.100122,-1.9926
1541872961789974,-1.44941,-0.100041,-1.99045
1541872961802970,-1.44564,-0.100586,-1.98886
1541872961819984,-1.44193,-0.101944,-1.98772
1541872961850009,-1.43865,-0.103807,-1.98687
1541872961865023,-1.43624,-0.106532,-1.9864
1541872961880033,-1.4348,-0.109963,-1.987
1541872961902042,-1.4334,-0.114148,-1.98974
1541872961932057,-1.43306,-0.119031,-1.99421
1541872961939065,-1.43301,-0.124078,-2.00028
1541872961962083,-1.43361,-0.129128,-2.00679
1541872961985121,-1.43438,-0.135193,-2.01412
1541872962015145,-1.43499,-0.142714,-2.02213
1541872962022131,-1.43709,-0.150957,-2.03058
1541872962045165,-1.43786,-0.163858,-2.04047
1541872962066182,-1.43625,-0.176599,-2.04953
1541872962083222,-1.43689,-0.1841,-2.05797
1541872962111269,-1.43632,-0.185715,-2.06695
1541872962133243,-1.43237,-0.184496,-2.07665
1541872962150248,-1.42997,-0.181545,-2.08601
1541872962164249,-1.43009,-0.17846,-2.09538
1541872962225354,-1.43057,-0.175577,-2.10535
1541872962227322,-1.43303,-0.17312,-2.11629
1541872962233325,-1.43493,-0.169689,-2.12785
1541872962246317,-1.43517,-0.165439,-2.13879
1541872962262349,-1.43504,-0.160979,-2.14877
1541872962285359,-1.43476,-0.156322,-2.15655
1541872962313392,-1.43316,-0.151998,-2.16195
1541872962328404,-1.43151,-0.148065,-2.16551
1541872962352417,-1.42934,-0.144743,-2.16769
1541872962410471,-1.42807,-0.141621,-2.16842
1541872962429487,-1.42786,-0.13847,-2.16707
1541872962442498,-1.42877,-0.129876,-2.15844
1541872962449484,-1.43085,-0.124043,-2.15063
1541872962464497,-1.43416,-0.11821,-2.14059
1541872962485533,-1.43802,-0.11334,-2.12773
1541872962502546,-1.44246,-0.108826,-2.11267
1541872962524562,-1.44847,-0.10458,-2.09589
1541872962546618,-1.46168,-0.10295,-2.07759
1541872962562597,-1.46583,-0.10687,-2.06122
1541872962584609,-1.46755,-0.111007,-2.04325
1541872962613621,-1.47425,-0.115784,-2.0238
1541872962621630,-1.47617,-0.121639,-2.00504
1541872962644649,-1.47715,-0.127975,-1.98672
1541872962673689,-1.48014,-0.134126,-1.96841
1541872962695706,-1.48293,-0.139483,-1.95027
1541872962704693,-1.48628,-0.14338,-1.9322
1541872962725733,-1.4895,-0.144664,-1.91375
1541872962741746,-1.4935,-0.144776,-1.89525
1541872962765763,-1.49777,-0.14511,-1.87714
1541872962787781,-1.50123,-0.146351,-1.86004
1541872962825816,-1.50385,-0.147322,-1.84219
1541872962838818,-1.50686,-0.148438,-1.82412
1541872962847812,-1.51018,-0.149715,-1.80665
1541872962869832,-1.51307,-0.15059,-1.78923
1541872962884844,-1.51564,-0.151397,-1.77161
1541872962914886,-1.5191,-0.152174,-1.75475
1541872962937902,-1.52029,-0.152781,-1.73763
1541872962990946,-1.52068,-0.152526,-1.7205
1541872962996954,-1.51925,-0.151939,-1.7049
1541872963004961,-1.51399,-0.152348,-1.6784
1541872963027980,-1.51292,-0.154767,-1.66783
1541872963049998,-1.51202,-0.158033,-1.65843
1541872963065007,-1.51345,-0.167091,-1.65193
1541872963087020,-1.51226,-0.17942,-1.64772
1541872963127062,-1.51638,-0.189794,-1.64358
1541872963131064,-1.51843,-0.194912,-1.64031
1541872963155085,-1.51625,-0.195263,-1.63556
1541872963176102,-1.51309,-0.191865,-1.62794
1541872963185109,-1.51293,-0.186884,-1.6189
1541872963208128,-1.51004,-0.183121,-1.61077
1541872963236152,-1.51105,-0.181044,-1.60504
1541872963252157,-1.51237,-0.178757,-1.5995
1541872963275163,-1.5126,-0.176784,-1.59316
1541872963296200,-1.51365,-0.174862,-1.58566
1541872963305208,-1.5139,-0.171741,-1.57679
1541872963327209,-1.51388,-0.168587,-1.56701
1541872963350249,-1.5131,-0.165306,-1.55797
1541872963364238,-1.51284,-0.161877,-1.5495
1541872963387256,-1.51371,-0.157939,-1.5415
1541872963408288,-1.5151,-0.154471,-1.53342
1541872963425288,-1.51576,-0.150585,-1.52516
1541872963478395,-1.5167,-0.146234,-1.5163
1541872963485392,-1.51804,-0.141575,-1.50672
1541872963488356,-1.5199,-0.136954,-1.49691
1541872963515363,-1.52261,-0.132514,-1.4871
1541872963531395,-1.52727,-0.128684,-1.47771
1541872963554394,-1.53312,-0.125792,-1.46849
1541872963567442,-1.53948,-0.12332,-1.45864
1541872963582436,-1.54658,-0.12129,-1.44837
1541872963636480,-1.55694,-0.122107,-1.43873
1541872963641486,-1.56134,-0.126118,-1.4303
1541872963702536,-1.57037,-0.125334,-1.41073
1541872963705539,-1.56839,-0.125064,-1.40053
1541872963712533,-1.56444,-0.125808,-1.38943
1541872963756580,-1.56045,-0.126547,-1.37749
1541872963763580,-1.55556,-0.12737,-1.36649
1541872963775596,-1.54545,-0.125059,-1.343
1541872963793611,-1.53987,-0.121677,-1.33008
1541872963846655,-1.53195,-0.117328,-1.3168
1541872963852659,-1.52262,-0.112472,-1.30388
1541872963854642,-1.51207,-0.107018,-1.2914
1541872963956746,-1.50113,-0.10225,-1.28001
1541872963966747,-1.48932,-0.0986591,-1.26928
1541872963996761,-1.4793,-0.0952292,-1.25956
1541872963997770,-1.4519,-0.0849676,-1.23648
1541872964064834,-1.44508,-0.0817496,-1.23336
1541872964070840,-1.44029,-0.0789952,-1.23247
1541872964093858,-1.4404,-0.0841502,-1.23853
1541872964122918,-1.44331,-0.0941403,-1.24511
1541872964125920,-1.4421,-0.107004,-1.25246
1541872964220963,-1.44526,-0.116131,-1.25726
1541872964222945,-1.44609,-0.11932,-1.25983
1541872964257973,-1.45624,-0.125397,-1.27066
1541872964259991,-1.45991,-0.126318,-1.27724
1541872964296008,-1.46342,-0.12496,-1.28365
1541872964312039,-1.46744,-0.12161,-1.28854
1541872964325040,-1.46906,-0.117823,-1.29406
1541872964332054,-1.47082,-0.114378,-1.3015
1541872964409117,-1.47399,-0.10915,-1.30853
1541872964459159,-1.47705,-0.103379,-1.31406
1541872964513199,-1.4844,-0.0907283,-1.31972
1541872964520209,-1.48838,-0.0858329,-1.323
1541872964536224,-1.50468,-0.0665358,-1.33607
1541872964597275,-1.50857,-0.064216,-1.33802
1541872964616289,-1.51399,-0.0632354,-1.34073
1541872964664329,-1.52165,-0.0763648,-1.34743
1541872964670333,-1.52451,-0.0806068,-1.34847
1541872964672334,-1.52542,-0.0825065,-1.34998
1541872964700357,-1.52366,-0.084623,-1.35199
1541872964706362,-1.52257,-0.0859221,-1.35333
1541872964737387,-1.52139,-0.0872752,-1.35383
1541872964739390,-1.5186,-0.0888042,-1.3541
1541872964754403,-1.51637,-0.0890935,-1.35402
1541872964775419,-1.51414,-0.0883693,-1.35391
1541872964798439,-1.511,-0.0878359,-1.35454
1541872964819456,-1.50839,-0.0873128,-1.35645
1541872964850478,-1.50751,-0.0866252,-1.35935
1541872964852483,-1.50557,-0.0861374,-1.36346
1541872964894517,-1.50342,-0.0860503,-1.36862
1541872964901522,-1.50102,-0.0867869,-1.37487
1541872964925539,-1.49863,-0.088579,-1.38235
1541872964933547,-1.49543,-0.0908937,-1.39092
1541872964963592,-1.49318,-0.0929577,-1.40061
1541872964978588,-1.49092,-0.0945778,-1.41008
1541872965001601,-1.48815,-0.0960627,-1.41907
1541872965030630,-1.48469,-0.0983786,-1.42813
1541872965032632,-1.48087,-0.103045,-1.43859
1541872965061652,-1.47759,-0.108847,-1.45083
1541872965091669,-1.47429,-0.115652,-1.46456
1541872965103685,-1.47259,-0.122945,-1.47781
1541872965112679,-1.47,-0.134476,-1.49283
1541872965136706,-1.46555,-0.147791,-1.50707
1541872965157735,-1.46328,-0.156851,-1.5187
1541872965241843,-1.45941,-0.161168,-1.52897
1541872965253794,-1.45458,-0.162705,-1.53689
1541872965263818,-1.44881,-0.168093,-1.54918
1541872965293827,-1.44881,-0.16992,-1.55828
1541872965306857,-1.44626,-0.17271,-1.57392
1541872965330876,-1.44445,-0.176248,-1.59218
1541872965369909,-1.44601,-0.177912,-1.61129
1541872965391963,-1.4462,-0.176558,-1.62971
1541872965392911,-1.4455,-0.174333,-1.64819
1541872965421949,-1.44414,-0.171678,-1.66714
1541872965502062,-1.44416,-0.167467,-1.68557
1541872965592086,-1.44338,-0.162134,-1.70231
1541872965646139,-1.44275,-0.156222,-1.71753
1541872965647118,-1.44979,-0.141089,-1.74995
1541872965722190,-1.4788,-0.12251,-1.80691
1541872965929370,-1.48832,-0.119772,-1.81288
1541872965984411,-1.49836,-0.116807,-1.83556
1541872966021442,-1.4715,-0.110743,-1.99251
1541872966023448,-1.45925,-0.108011,-2.05097
1541872966050470,-1.4552,-0.107721,-2.07075
1541872966052473,-1.45156,-0.106496,-2.09004
1541872966074486,-1.44693,-0.104348,-2.10848
1541872966125532,-1.44147,-0.101588,-2.12595
1541872966176574,-1.43569,-0.098262,-2.14209
1541872966186582,-1.42934,-0.0944809,-2.15708
1541872966188579,-1.42361,-0.0908324,-2.17107
1541872966232621,-1.40856,-0.0815495,-2.20857
1541872966238626,-1.40441,-0.0792095,-2.21884
1541872966240618,-1.3983,-0.078907,-2.22783
1541872966478818,-1.39046,-0.078618,-2.23368
1541872966543876,-1.38335,-0.0742012,-2.23568
1541872966648964,-1.38844,-0.0332672,-2.16474
1541872966773047,-1.40205,-0.0229844,-2.0741
1541872966989244,-1.45851,-0.0691297,-1.72409
1541872967056317,-1.54636,-0.13199,-1.40385
1541872967062304,-1.55716,-0.135283,-1.38252
1541872967138403,-1.59068,-0.140606,-1.33009
1541872967159383,-1.60164,-0.140003,-1.31656
1541872967185405,-1.61162,-0.13828,-1.3037
1541872967204421,-1.62839,-0.133964,-1.27856
1541872967214412,-1.64138,-0.131138,-1.25375
1541872967237450,-1.64674,-0.130648,-1.24147
1541872967288489,-1.65106,-0.130562,-1.22896
1541872967289491,-1.6541,-0.130489,-1.21688
1541872967310544,-1.65584,-0.130001,-1.20479
1541872967313511,-1.65711,-0.128889,-1.19266
1541872967462634,-1.65772,-0.12717,-1.18123
1541872967499656,-1.65831,-0.124874,-1.17091
1541872967549705,-1.66201,-0.108985,-1.13523
1541872967574723,-1.66209,-0.103402,-1.1323
1541872967775927,-1.66145,-0.0955635,-1.12404
1541872967778891,-1.65999,-0.093348,-1.11979
1541872967815924,-1.65316,-0.091232,-1.0557
1541872967888020,-1.65222,-0.0925876,-1.04637
1541872967889980,-1.65092,-0.0934481,-1.03673
1541872967912003,-1.64911,-0.094816,-1.00679
1541872967927016,-1.64927,-0.0953342,-0.996604
1541872967964030,-1.64982,-0.0956173,-0.986063
1541872968016126,-1.65003,-0.0957275,-0.975353
1541872968037108,-1.65079,-0.0948128,-0.952505
1541872968071136,-1.6495,-0.0919646,-0.914183
1541872968113151,-1.64824,-0.090729,-0.90095
1541872968211251,-1.64512,-0.0880778,-0.872797
1541872968332335,-1.62861,-0.0839738,-0.757269
1541872968413417,-1.62634,-0.0842643,-0.740339
1541872968473466,-1.61324,-0.0898564,-0.655168
1541872968541516,-1.59115,-0.0928149,-0.563459
1541872968549529,-1.58969,-0.0933911,-0.552198
1541872968748693,-1.58774,-0.0902993,-0.524826
1541872968780721,-1.58486,-0.0876953,-0.50877
1541872968783703,-1.58162,-0.0853248,-0.491591
1541872968805720,-1.51399,-0.0685567,-0.3147
1541872968847811,-1.50212,-0.0677944,-0.28264
1541872968850776,-1.49773,-0.0680266,-0.267107
1541872968917815,-1.494,-0.0684762,-0.25186
1541872968938842,-1.49142,-0.0686121,-0.236552
1541872968961870,-1.48665,-0.0685323,-0.205942
1541872969041971,-1.48382,-0.0678123,-0.190729
1541872969067992,-1.48114,-0.066617,-0.175848
1541872969193060,-1.47609,-0.0599377,-0.0916547
1541872969223068,-1.49408,-0.0520597,-0.028006
1541872969253109,-1.49863,-0.0530856,-0.01548
1541872969306152,-1.51095,-0.0663293,0.0228996
1541872969308149,-1.51323,-0.0679282,0.0342492
1541872969314159,-1.51499,-0.0679526,0.0451084
1541872969326164,-1.5161,-0.0677105,0.0558692
1541872969344164,-1.51624,-0.0676529,0.0662483
1541872969381196,-1.51541,-0.0672912,0.0767781
1541872969386218,-1.51463,-0.0665243,0.0875836
1541872969408236,-1.51291,-0.0661469,0.0983503
1541872969442246,-1.51092,-0.0658161,0.109286
1541872969455257,-1.50884,-0.0654364,0.120484
1541872969501313,-1.5072,-0.0649171,0.130576
1541872969503297,-1.50607,-0.0639894,0.138973
1541872969532334,-1.50564,-0.0627892,0.146012
1541872969554349,-1.50522,-0.0612023,0.151853
1541872969621414,-1.50458,-0.0596174,0.156998
1541872969749513,-1.50396,-0.0586241,0.161694
1541872969755557,-1.50312,-0.0576302,0.165864
1541872969772520,-1.48985,-0.0599385,0.207368
1541872969793550,-1.48997,-0.0624263,0.214842
1541872969807547,-1.48898,-0.0671955,0.219941
1541872969854605,-1.48768,-0.0745758,0.222236
1541872969876603,-1.48555,-0.0829327,0.220806
1541872969878624,-1.48383,-0.0887188,0.217904
1541872969899638,-1.48329,-0.0950451,0.214502
1541872969920655,-1.48171,-0.102259,0.21093
1541872969952667,-1.48141,-0.109354,0.206113
1541872970056762,-1.48062,-0.114292,0.19909
1541872970078790,-1.47845,-0.116842,0.19183
1541872970098806,-1.46035,-0.1086,0.153631
1541872970257937,-1.45907,-0.105082,0.143766
1541872970303974,-1.45874,-0.102004,0.13393
1541872970325974,-1.45997,-0.0699336,0.0737309
1541872970386043,-1.46587,-0.0489024,0.0681715
1541872970389040,-1.46947,-0.0448334,0.0688034
1541872970425069,-1.47281,-0.0413295,0.070424
1541872970476116,-1.47705,-0.0380036,0.072735
1541872970499135,-1.48787,-0.0396174,0.0754515
1541872970505141,-1.49726,-0.0487067,0.0762471
1541872970538167,-1.49863,-0.0511912,0.0771419
1541872970559171,-1.49944,-0.0520774,0.0785151
1541872970574181,-1.49938,-0.0531394,0.0791681
1541872970576199,-1.49785,-0.0548593,0.0795016
1541872970590191,-1.49663,-0.0570505,0.0789585
1541872970625230,-1.49575,-0.0596488,0.0781482
1541872970643253,-1.4952,-0.0623157,0.0772564
1541872970648258,-1.49393,-0.0647405,0.078253
1541872970664252,-1.49263,-0.0663258,0.081787
1541872970729325,-1.48957,-0.0705872,0.0835124
1541872970844401,-1.48724,-0.0765791,0.079559
1541872971084618,-1.47316,-0.0986091,0.0412993
1541872971121683,-1.46699,-0.110962,0.0184687
1541872971123631,-1.4724,-0.127827,0.0124912
1541872971137642,-1.47183,-0.134348,0.0145572
1541872971142649,-1.47369,-0.14071,0.0158527
1541872971196707,-1.47171,-0.145484,0.0155659
1541872971291789,-1.47045,-0.147873,0.0161316
1541872971352821,-1.46589,-0.151592,0.0232363
1541872971363848,-1.46092,-0.170326,0.0479696
1541872971392854,-1.45707,-0.173372,0.0592834
1541872971413924,-1.45557,-0.174801,0.0620311
1541872971415890,-1.45359,-0.176336,0.0661197
1541872971429890,-1.45203,-0.177819,0.0708537
1541872971450922,-1.45104,-0.178177,0.0757848
1541872971464922,-1.44998,-0.177845,0.0807519
1541872971487941,-1.44959,-0.177243,0.0860556
1541872971525974,-1.44982,-0.176431,0.0923771
1541872971648082,-1.45049,-0.175973,0.0992408
1541872971699125,-1.45157,-0.175601,0.105266
1541872971735155,-1.4561,-0.165458,0.134965
1541872971745145,-1.45906,-0.15748,0.142993
1541872971760176,-1.46207,-0.148301,0.150275
1541872971765160,-1.46407,-0.142452,0.153999
1541872971788180,-1.46618,-0.135427,0.15847
1541872971811216,-1.46779,-0.128008,0.163348
1541872971833216,-1.46935,-0.120404,0.168047
1541872971862259,-1.47145,-0.113015,0.172842
1541872971871266,-1.47528,-0.104837,0.178957
1541872971892280,-1.48093,-0.0968485,0.186154
1541872971908277,-1.48439,-0.0909284,0.194619
1541872971931306,-1.48516,-0.0867196,0.204636
1541872971961337,-1.48746,-0.084171,0.21308
1541872971968329,-1.49049,-0.0810335,0.220095
1541872971991346,-1.49447,-0.0783779,0.227378
1541872972012366,-1.49987,-0.0768023,0.233885
1541872972043408,-1.50444,-0.0759467,0.239634
1541872972086443,-1.5082,-0.075835,0.244637
1541872972120453,-1.51216,-0.0750211,0.250369
1541872972164491,-1.51449,-0.0738611,0.255705
1541872972186527,-1.51432,-0.0731783,0.263813
1541872972312630,-1.51474,-0.0761994,0.269433
1541872972314622,-1.51686,-0.0790467,0.272147
1541872972321636,-1.52604,-0.0838195,0.279289
1541872972345657,-1.53552,-0.0819444,0.286659
1541872972365656,-1.53604,-0.081331,0.289226
1541872972373680,-1.53569,-0.0805725,0.291842
1541872972418708,-1.53481,-0.0793706,0.29479
1541872972435732,-1.53347,-0.0774715,0.297829
1541872972448723,-1.5315,-0.0754553,0.30031
1541872972450743,-1.52915,-0.0731541,0.301929
1541872972454742,-1.52554,-0.0711099,0.302891
1541872972501787,-1.52192,-0.0681998,0.303709
1541872972509783,-1.51823,-0.0650072,0.303407
1541872972545822,-1.51434,-0.0613382,0.301454
1541872972547824,-1.50969,-0.0571341,0.298382
1541872972560825,-1.50535,-0.0532313,0.295678
1541872972573881,-1.50104,-0.0496969,0.293688
1541872972603870,-1.49661,-0.0463824,0.292577
1541872972630893,-1.49255,-0.0432247,0.29253
1541872972642902,-1.48907,-0.0411314,0.2929
1541872972655913,-1.48619,-0.0400365,0.293782
1541872972688921,-1.48368,-0.0398043,0.294016
1541872972693927,-1.47989,-0.0413892,0.291543
1541872972715998,-1.47786,-0.0425848,0.286828
1541872972748024,-1.47723,-0.0438586,0.282402
1541872972753993,-1.47609,-0.0445177,0.278509
1541872972778999,-1.4736,-0.0440534,0.274564
1541872972802053,-1.47188,-0.0417515,0.270897
1541872972830057,-1.46914,-0.0393615,0.268178
1541872972853077,-1.46791,-0.0369078,0.26794
1541872972859081,-1.46849,-0.033664,0.27089
1541872972875073,-1.47015,-0.030666,0.277695
1541872972904117,-1.47075,-0.0274851,0.288845
1541872972919129,-1.4706,-0.0255625,0.303363
1541872972937145,-1.46979,-0.0286363,0.316328
1541872972989187,-1.46936,-0.0352137,0.325031
1541872972991171,-1.47022,-0.0427397,0.330817
1541872972997193,-1.46987,-0.04864,0.336761
1541872973019211,-1.46739,-0.0550611,0.34195
1541872973050219,-1.46509,-0.061429,0.345109
1541872973055230,-1.46332,-0.0670417,0.345511
1541872973076259,-1.4608,-0.0709625,0.343755
1541872973099272,-1.45836,-0.0726858,0.340366
1541872973123288,-1.45595,-0.0724753,0.337413
1541872973136308,-1.4531,-0.0722317,0.335678
1541872973176333,-1.45037,-0.0714447,0.335129
1541872973178343,-1.44766,-0.0697245,0.33656
1541872973206348,-1.4457,-0.067726,0.339696
1541872973222361,-1.4444,-0.0652121,0.344303
1541872973237382,-1.44279,-0.0623138,0.350327
1541872973256404,-1.44081,-0.0599333,0.359041
1541872973278427,-1.43983,-0.0591268,0.371133
1541872973296439,-1.44104,-0.0593672,0.385411
1541872973319439,-1.44288,-0.059762,0.401307
1541872973338475,-1.44341,-0.062037,0.41383
1541872973378491,-1.44458,-0.0649093,0.4229
1541872973383495,-1.44726,-0.0672564,0.429379
1541872973400509,-1.45038,-0.069117,0.433062
1541872973431551,-1.45268,-0.0687932,0.4333
1541872973439559,-1.454,-0.0670457,0.43005
1541872973469578,-1.45179,-0.0658347,0.422993
1541872973535618,-1.44871,-0.0661232,0.413956
1541872973560658,-1.44464,-0.0702704,0.402858
1541872973612701,-1.45191,-0.08455,0.34888
1541872973633718,-1.45445,-0.0901822,0.334786
1541872973636717,-1.45783,-0.0938158,0.321043
1541872973695769,-1.46036,-0.0935732,0.311074
1541872973708780,-1.46072,-0.0893348,0.305856
1541872973716786,-1.45369,-0.0662291,0.303585
1541872973739797,-1.44818,-0.0597258,0.293132
1541872973785839,-1.4447,-0.0507608,0.279259
1541872973822870,-1.44372,-0.0433528,0.266853
1541872973844891,-1.44055,-0.0375419,0.253466
1541872973866946,-1.43637,-0.0293344,0.224065
1541872973896935,-1.43432,-0.0257647,0.21063
1541872973898927,-1.43337,-0.0226824,0.200041
1541872973971998,-1.43375,-0.0227074,0.192134
1541872973973980,-1.43893,-0.0246754,0.186374
1541872973987995,-1.44492,-0.048594,0.1873
1541872973993010,-1.4414,-0.0557053,0.195133
1541872974016018,-1.43716,-0.0608145,0.204812
1541872974037051,-1.43307,-0.0639426,0.214521
1541872974060060,-1.43032,-0.0658104,0.222778
1541872974077083,-1.42841,-0.0663882,0.229841
1541872974097100,-1.42756,-0.0663149,0.235665
1541872974113113,-1.4267,-0.0665635,0.24095
1541872974136128,-1.42694,-0.0663373,0.246465
1541872974158183,-1.42716,-0.0660136,0.253033
1541872974173162,-1.428,-0.0653571,0.260699
1541872974196181,-1.4282,-0.0646058,0.268359
1541872974218180,-1.42861,-0.0642426,0.27477
1541872974242216,-1.429,-0.0645948,0.279037
1541872974295264,-1.42941,-0.0635996,0.28279
1541872974301269,-1.43039,-0.0626457,0.286993
1541872974316280,-1.43151,-0.0623928,0.296399
1541872974346326,-1.43077,-0.0618443,0.30053
1541872974368304,-1.43024,-0.0597819,0.304516
1541872974376331,-1.43019,-0.0566697,0.308651
1541872974398329,-1.43034,-0.0534801,0.313077
1541872974413347,-1.43164,-0.0499712,0.316928
1541872974444384,-1.43366,-0.0456746,0.319071
1541872974467386,-1.43726,-0.0400138,0.31929
1541872974487422,-1.44154,-0.0332321,0.318612
1541872974496420,-1.44399,-0.0267083,0.31736
1541872974518427,-1.44525,-0.0211443,0.315607
1541872974547454,-1.44497,-0.0173078,0.312511
1541872974565481,-1.4435,-0.0149905,0.308446
1541872974579498,-1.44361,-0.0141071,0.304395
1541872974601517,-1.44407,-0.0156887,0.300102
1541872974654559,-1.44665,-0.0212495,0.294687
1541872974676577,-1.45227,-0.0296864,0.287824
1541872974704601,-1.45895,-0.037816,0.280705
1541872974731622,-1.46873,-0.0465633,0.268004
1541872974835708,-1.47121,-0.0483755,0.262549
1541872974915784,-1.47291,-0.0493241,0.258349
1541872974940812,-1.46956,-0.0366887,0.243472
1541872974986834,-1.47295,-0.0348759,0.238289
1541872974991820,-1.47208,-0.0355582,0.241117
1541872975013856,-1.4704,-0.0360853,0.245517
1541872975019860,-1.46866,-0.0363308,0.250973
1541872975036854,-1.46607,-0.0363288,0.257572
1541872975058892,-1.46362,-0.0364489,0.264948
1541872975080902,-1.46206,-0.0364896,0.272696
1541872975095913,-1.46145,-0.0363679,0.281254
1541872975118942,-1.46202,-0.0362108,0.29095
1541872975140957,-1.46208,-0.0370703,0.301323
1541872975155967,-1.4616,-0.0395846,0.310287
1541872975180994,-1.45965,-0.0432512,0.316731
1541872975200992,-1.4585,-0.0461476,0.322606
1541872975224029,-1.45685,-0.0488312,0.33034
1541872975246028,-1.45504,-0.051604,0.340598
1541872975261040,-1.45313,-0.0544684,0.351561
1541872975300091,-1.45124,-0.0574933,0.361994
1541872975359140,-1.45065,-0.0612022,0.371118
1541872975362138,-1.45056,-0.0649488,0.380703
1541872975383140,-1.45109,-0.0685088,0.392244
1541872975404177,-1.45248,-0.0728787,0.416971
1541872975406160,-1.45317,-0.0785013,0.427771
1541872975426179,-1.45244,-0.0861881,0.438264
1541872975449214,-1.45122,-0.091965,0.450909
1541872975464226,-1.44997,-0.0962798,0.463729
1541872975479221,-1.44834,-0.0981056,0.476058
1541872975501257,-1.44832,-0.096789,0.487528
1541872975539288,-1.44733,-0.0937783,0.498905
1541872975541270,-1.44467,-0.0916335,0.511108
1541872975571299,-1.4421,-0.0903087,0.524385
1541872975616333,-1.44044,-0.0900326,0.537185
1541872975645375,-1.43822,-0.0911102,0.546337
1541872975665393,-1.43554,-0.093827,0.551955
1541872975697414,-1.4302,-0.0995834,0.55808
1541872975720434,-1.4282,-0.101197,0.56189
1541872975741490,-1.42715,-0.101703,0.56617
1541872975747460,-1.42592,-0.103155,0.573718
1541872975773481,-1.42581,-0.105106,0.578866
1541872975786473,-1.42446,-0.107459,0.584315
1541872975824558,-1.42221,-0.109761,0.588445
1541872975826507,-1.41915,-0.110551,0.592657
1541872975847524,-1.41565,-0.110398,0.598077
1541872975867562,-1.4128,-0.110544,0.603099
1541872975899584,-1.4098,-0.110726,0.605966
1541872975901568,-1.40799,-0.11082,0.607458
1541872975926607,-1.40681,-0.111004,0.608233
1541872975953622,-1.40681,-0.110883,0.609447
1541872975967622,-1.40644,-0.110719,0.610521
1541872975981645,-1.4077,-0.110267,0.611861
1541872976004672,-1.40991,-0.109171,0.613284
1541872976042705,-1.41203,-0.107609,0.615448
1541872976054749,-1.41481,-0.105662,0.618999
1541872976063712,-1.41819,-0.103411,0.625813
1541872976078733,-1.41984,-0.101241,0.635842
1541872976102753,-1.42122,-0.0993346,0.647708
1541872976123751,-1.42203,-0.0969018,0.660319
1541872976153795,-1.42168,-0.095974,0.670168
1541872976169843,-1.42052,-0.0944086,0.673463
1541872976191833,-1.42392,-0.0908692,0.674591
1541872976204838,-1.42666,-0.0901466,0.67255
1541872976251912,-1.42944,-0.0901556,0.670304
1541872976253875,-1.43399,-0.0899405,0.669481
1541872976492054,-1.43835,-0.0889648,0.669445
1541872976515084,-1.44226,-0.0880736,0.668478
1541872976545107,-1.48195,-0.0847022,0.618215
1541872976589189,-1.48146,-0.0811034,0.611148
1541872976595154,-1.48641,-0.078024,0.595154
1541872976621181,-1.49595,-0.0790638,0.577972
1541872976664196,-1.50107,-0.0809197,0.56977
1541872976672222,-1.50809,-0.0827265,0.563295
1541872976694267,-1.51942,-0.0851694,0.553204
1541872976716238,-1.5239,-0.0864126,0.549548
1541872976725266,-1.52814,-0.0874986,0.547551
1541872976745281,-1.53151,-0.089308,0.546507
1541872976769286,-1.5336,-0.0907787,0.546664
1541872976791319,-1.53489,-0.0920971,0.548334
1541872976822337,-1.53629,-0.0938173,0.550969
1541872976824347,-1.53841,-0.0960119,0.554289
1541872976845365,-1.5405,-0.0994059,0.557895
1541872976864381,-1.54284,-0.104229,0.561777
1541872976897442,-1.54582,-0.108955,0.565444
1541872976898394,-1.54851,-0.112899,0.569488
1541872976919414,-1.54989,-0.115443,0.57352
1541872976935439,-1.55048,-0.117116,0.578168
1541872976946447,-1.55055,-0.118096,0.583527
1541872976969466,-1.54999,-0.118786,0.589282
1541872976991485,-1.54917,-0.1192,0.595026
1541872977009490,-1.54793,-0.119795,0.60028
1541872977039507,-1.5467,-0.121052,0.604934
1541872977060543,-1.54509,-0.122087,0.609218
1541872977066547,-1.54363,-0.12293,0.613031
1541872977089566,-1.54211,-0.123885,0.616576
1541872977114567,-1.54013,-0.125197,0.619928
1541872977135595,-1.53809,-0.127062,0.623449
1541872977156621,-1.53569,-0.128607,0.627218
1541872977171633,-1.53385,-0.129929,0.631309
1541872977189639,-1.53187,-0.131123,0.63557
1541872977211667,-1.53006,-0.132051,0.64
1541872977243676,-1.52888,-0.13252,0.645241
1541872977262709,-1.52778,-0.132862,0.650749
1541872977285764,-1.52658,-0.1329,0.65716
1541872977316774,-1.52564,-0.132728,0.664875
1541872977318737,-1.5252,-0.132256,0.674579
1541872977339771,-1.52429,-0.132824,0.683713
1541872977414834,-1.52323,-0.134143,0.691566
1541872977435886,-1.52265,-0.134741,0.6986
1541872977564977,-1.52172,-0.137045,0.709905
1541872977566955,-1.5212,-0.13847,0.714397
1541872977580952,-1.51782,-0.145741,0.724478
1541872977615999,-1.51041,-0.146144,0.731908
1541872977708075,-1.50836,-0.145311,0.732892
1541872977782135,-1.50616,-0.144279,0.734151
1541872977850173,-1.49722,-0.139276,0.748448
1541872977858195,-1.49443,-0.137343,0.758761
1541872977916246,-1.4925,-0.134858,0.771577
1541872977999302,-1.49288,-0.132896,0.778171
1541872978065370,-1.4935,-0.131044,0.786385
1541872978173450,-1.48806,-0.13029,0.806349
1541872978246519,-1.48035,-0.134107,0.804321
1541872978323584,-1.4781,-0.134015,0.80253
1541872978376621,-1.46908,-0.132654,0.799779
1541872978398626,-1.46533,-0.130824,0.801181
1541872978450686,-1.46186,-0.125741,0.809055
1541872978451673,-1.4611,-0.123622,0.813259
1541872978507733,-1.46029,-0.121356,0.819067
1541872978522747,-1.45835,-0.12207,0.827776
1541872978548768,-1.45683,-0.123192,0.828995
1541872978561779,-1.45317,-0.124106,0.82959
1541872978584778,-1.45014,-0.123623,0.832349
1541872978599807,-1.44914,-0.123338,0.833565
1541872978637829,-1.44872,-0.122168,0.835122
1541872978671869,-1.44845,-0.120803,0.837122
1541872978713904,-1.44864,-0.119069,0.839851
1541872978749934,-1.44913,-0.117254,0.842988
1541872978751917,-1.45096,-0.116046,0.853071
1541872978765946,-1.45166,-0.116153,0.854528
1541872978786964,-1.45221,-0.116364,0.855855
1541872978789962,-1.45302,-0.116693,0.858446
1541872978840008,-1.45341,-0.116619,0.861715
1541872978841990,-1.45313,-0.116364,0.864874
1541872978863009,-1.453,-0.115651,0.868047
1541872978884032,-1.45299,-0.114312,0.871067
1541872978915069,-1.45275,-0.112718,0.873773
1541872978937123,-1.45287,-0.110992,0.876703
1541872978940088,-1.45271,-0.109231,0.879824
1541872978991113,-1.45259,-0.10834,0.88321
1541872979013150,-1.45237,-0.108419,0.885306
1541872979085210,-1.45173,-0.107924,0.888282
1541872979141257,-1.45105,-0.107251,0.890202
1541872979163276,-1.45113,-0.1064,0.892837
1541872979236369,-1.45469,-0.100235,0.921395
1541872979290359,-1.45349,-0.101857,0.925297
1541872979310395,-1.45309,-0.102356,0.92718
1541872979418465,-1.45089,-0.10327,0.937112
1541872979419466,-1.44805,-0.100481,0.948639
1541872979441504,-1.44692,-0.0994642,0.952556
1541872979514601,-1.43604,-0.0986862,0.961901
1541872979516557,-1.43346,-0.0977452,0.963191
1541872979567599,-1.43112,-0.0968662,0.964855
1541872979569609,-1.42499,-0.0973871,0.973192
1541872979591666,-1.42367,-0.0968624,0.977626
1541872979592610,-1.42285,-0.0961986,0.982888
1541872979618652,-1.42232,-0.0953384,0.989225
1541872979620653,-1.42312,-0.0944865,0.996781
1541872979634673,-1.42437,-0.0927387,1.00617
1541872979657663,-1.4251,-0.0912578,1.01735
1541872979671674,-1.42588,-0.0899142,1.02946
1541872979692746,-1.42662,-0.0888853,1.04169
1541872979708718,-1.42722,-0.0879554,1.05417
1541872979747752,-1.42743,-0.0869274,1.06658
1541872979768774,-1.42811,-0.0856359,1.07907
1541872979771776,-1.42826,-0.0834056,1.09254
1541872979791793,-1.4291,-0.0805824,1.10783
1541872979890874,-1.43034,-0.0777775,1.12341
1541872979919898,-1.43112,-0.0749374,1.1383
1541872979942897,-1.4375,-0.0666116,1.20031
1541872979986953,-1.44043,-0.0630213,1.21642
1541872979989951,-1.44313,-0.0593795,1.23306
1541872979995953,-1.44656,-0.0565911,1.2491
1541872979999963,-1.45106,-0.0552739,1.26494
1541872980014967,-1.4566,-0.0545025,1.2808
1541872980037995,-1.46369,-0.0524883,1.29691
1541872980053995,-1.47207,-0.0484833,1.31239
1541872980077028,-1.48022,-0.0428566,1.32754
1541872980092039,-1.49015,-0.0380329,1.34241
1541872980114040,-1.49894,-0.0359234,1.35586
1541872980135075,-1.50577,-0.0371481,1.36565
1541872980152089,-1.50915,-0.0415219,1.37149
1541872980188120,-1.51091,-0.046575,1.37465
1541872980196120,-1.51483,-0.0518447,1.3763
1541872980212138,-1.52191,-0.0573673,1.37564
1541872980250173,-1.52976,-0.0633498,1.37263
1541872980263208,-1.53794,-0.0681509,1.36801
1541872980279174,-1.54582,-0.071061,1.36332
1541872980300211,-1.55296,-0.0720268,1.35953
1541872980340279,-1.55847,-0.0717371,1.35637
1541872980342246,-1.56086,-0.0700933,1.35373
1541872980356254,-1.56004,-0.0666845,1.35164
1541872980375308,-1.55843,-0.0610363,1.34971
1541872980392279,-1.55644,-0.0530009,1.34788
1541872980414305,-1.55485,-0.0441496,1.34565
1541872980452336,-1.55317,-0.0357675,1.34191
1541872980454333,-1.55269,-0.0284147,1.33705
1541872980474354,-1.55317,-0.0224104,1.33155
1541872980496409,-1.55371,-0.0181259,1.32663
1541872980526411,-1.55435,-0.0156056,1.32234
1541872980550427,-1.55671,-0.0142663,1.31931
1541872980555421,-1.55981,-0.0137374,1.31734
1541872980577439,-1.56247,-0.0138309,1.31647
1541872980624478,-1.56529,-0.0141862,1.31616
1541872980627481,-1.56479,-0.0160931,1.31638
1541872980633481,-1.5652,-0.0171289,1.31814
1541872980654521,-1.56636,-0.0167918,1.32218
1541872980676507,-1.56828,-0.0143322,1.3293
1541872980699539,-1.56714,-0.0108186,1.33863
1541872980728563,-1.5657,-0.00686344,1.3502
1541872980753566,-1.5652,-0.00304506,1.3635
1541872980759586,-1.56425,-0.000154525,1.376
1541872980774637,-1.56276,0.000929743,1.38642
1541872980804629,-1.56218,0.00265813,1.39588
1541872980826625,-1.56204,0.0042706,1.40615
1541872980834654,-1.56115,0.00570282,1.41707
1541872980856661,-1.5597,0.00715888,1.42803
1541872980879729,-1.55915,0.00944903,1.4395
1541872980901687,-1.55838,0.0118664,1.45162
1541872980939738,-1.55711,0.0138745,1.4644
1541872980942721,-1.55446,0.0156185,1.47644
1541872980955732,-1.54895,0.0163621,1.48801
1541872980976759,-1.54518,0.015649,1.49842
1541872981005789,-1.54348,0.0157063,1.50779
1541872981014797,-1.54102,0.0174067,1.51701
1541872981036800,-1.53717,0.0197845,1.52718
1541872981057835,-1.53284,0.0214498,1.53753
1541872981081835,-1.52926,0.0225168,1.5479
1541872981103854,-1.525,0.0228765,1.55822
1541872981117920,-1.52128,0.0231466,1.56809
1541872981135888,-1.51749,0.0240486,1.57792
1541872981156899,-1.51339,0.0250866,1.5882
1541872981177934,-1.50957,0.0257246,1.59827
1541872981193947,-1.50509,0.0258052,1.60704
1541872981216967,-1.50088,0.0250458,1.61443
1541872981238020,-1.49824,0.0244343,1.62141
1541872981253988,-1.49434,0.0232853,1.62821
1541872981277032,-1.48968,0.0211628,1.63515
1541872981298028,-1.48497,0.018678,1.64262
1541872981314043,-1.48013,0.0151559,1.65045
1541872981320051,-1.47526,0.0115629,1.65896
1541872981342069,-1.46921,0.00844155,1.66826
1541872981368126,-1.46224,0.0054563,1.67871
1541872981396114,-1.45442,0.00197196,1.69031
1541872981402102,-1.44757,-0.00288344,1.70278
1541872981442188,-1.4418,-0.0084332,1.71628
1541872981444136,-1.4359,-0.0145956,1.73109
1541872981464150,-1.43272,-0.0205479,1.74843
1541872981488171,-1.43147,-0.0271638,1.76827
1541872981500196,-1.42937,-0.0358798,1.79054
1541872981530221,-1.42891,-0.0473241,1.81479
1541872981560249,-1.42452,-0.0585436,1.84053
1541872981586257,-1.41813,-0.0673693,1.86687
1541872981591275,-1.41207,-0.0736521,1.89277
1541872981613293,-1.40792,-0.0779618,1.91698
1541872981636348,-1.40465,-0.0810887,1.93823
1541872981642317,-1.40297,-0.0840005,1.95627
1541872981667331,-1.40182,-0.0869457,1.97262
1541872981687354,-1.40164,-0.089365,1.98802
1541872981702347,-1.4015,-0.0909075,2.00349
1541872981724384,-1.40006,-0.091634,2.01873
1541872981739396,-1.39795,-0.0923861,2.0331
1541872981780411,-1.39618,-0.0934875,2.04577
1541872981787418,-1.39508,-0.0953006,2.0568
1541872981799429,-1.39352,-0.0986044,2.0663
1541872981822465,-1.39146,-0.102707,2.07451
1541872981840461,-1.38952,-0.107281,2.08197
1541872981859531,-1.38794,-0.111625,2.08909
1541872981882514,-1.38672,-0.115736,2.09587
1541872981907515,-1.38625,-0.119547,2.10179
1541872981919581,-1.38594,-0.123065,2.10648
1541872981942564,-1.38644,-0.125946,2.11018
1541872981960579,-1.38669,-0.128438,2.11221
1541872981979595,-1.38627,-0.131587,2.11196
1541872982002614,-1.38701,-0.133333,2.11018
1541872982020629,-1.38747,-0.134877,2.10805
1541872982039644,-1.38899,-0.135079,2.10557
1541872982062646,-1.3892,-0.133853,2.10252
1541872982080669,-1.38901,-0.132304,2.09924
1541872982099695,-1.38794,-0.131222,2.09549
1541872982122714,-1.38682,-0.129833,2.0915
1541872982140718,-1.38478,-0.128494,2.08694
1541872982159742,-1.38359,-0.126789,2.08206
1541872982182762,-1.38403,-0.124915,2.07744
1541872982200758,-1.3839,-0.122871,2.07295
1541872982221774,-1.38531,-0.12022,2.06883
1541872982242803,-1.38733,-0.117226,2.06516
1541872982259825,-1.38907,-0.114134,2.06176
1541872982279878,-1.39148,-0.111039,2.05912
1541872982301860,-1.39374,-0.108346,2.05755
1541872982319870,-1.3962,-0.105727,2.05714
1541872982340892,-1.39841,-0.103575,2.0583
1541872982361910,-1.40112,-0.101533,2.05992
1541872982385924,-1.40355,-0.0998471,2.06052
1541872982400936,-1.40606,-0.0980186,2.06065
1541872982421959,-1.40834,-0.0966655,2.06113
1541872982439956,-1.41061,-0.0950634,2.06183
1541872982460988,-1.41262,-0.0929612,2.06299
1541872982482009,-1.41406,-0.0908278,2.06373
1541872982500005,-1.41551,-0.088744,2.0636
1541872982529030,-1.41742,-0.0865118,2.0631
1541872982542058,-1.41912,-0.0837073,2.06285
1541872982560063,-1.42108,-0.080265,2.06345
1541872982581074,-1.42196,-0.0757148,2.06463
1541872982602108,-1.42183,-0.0707929,2.06593
1541872982621123,-1.42178,-0.0648587,2.06722
1541872982643142,-1.42161,-0.0576423,2.06898
1541872982665155,-1.42211,-0.0491638,2.07104
1541872982726206,-1.42634,-0.0400961,2.07313
1541872982755273,-1.43573,-0.0307408,2.07429
1541872982778234,-1.44891,-0.0121949,2.07127
1541872982805275,-1.45117,-0.00548005,2.06583
1541872982831292,-1.45301,-0.000500351,2.05789
1541872982852349,-1.45784,0.00324363,2.04825
1541872982905357,-1.47003,-0.0014427,2.02177
1541872982907340,-1.47954,-0.0045404,2.00883
1541872982921351,-1.48765,-0.005938,1.99661
1541872982927372,-1.50025,-0.00467898,1.97529
1541872982973405,-1.50493,-0.00172108,1.96764
1541872982980419,-1.5059,0.00214631,1.96213
1541872982993430,-1.50372,0.00578901,1.95875
1541872983009424,-1.49894,0.00895986,1.95698
1541872983030461,-1.49346,0.0118579,1.95626
1541872983039459,-1.48902,0.0142363,1.95605
1541872983062469,-1.48487,0.0160574,1.95549
1541872983084505,-1.48104,0.0175167,1.95493
1541872983107525,-1.47872,0.0183741,1.95484
1541872983128542,-1.47789,0.0185134,1.95506
1541872983143587,-1.47824,0.0181092,1.95594
1541872983159558,-1.47977,0.0172387,1.95701
1541872983181584,-1.48116,0.0163916,1.95858
1541872983202602,-1.4826,0.0157658,1.96074
1541872983219616,-1.48464,0.0155079,1.96323
1541872983241635,-1.4866,0.0157538,1.9665
1541872983262652,-1.48754,0.0172074,1.97072
1541872983285670,-1.48688,0.0197205,1.97642
1541872983301664,-1.48483,0.0235153,1.98324
1541872983322737,-1.48183,0.0288691,1.99111
1541872983339698,-1.47764,0.0352073,2.00018
1541872983361714,-1.47353,0.0418002,2.01071
1541872983382751,-1.46843,0.0483138,2.02295
1541872983398755,-1.46253,0.0544591,2.03695
1541872983422784,-1.45632,0.0602214,2.05199
1541872983444801,-1.44918,0.0651578,2.06869
1541872983458795,-1.44145,0.0688202,2.08728
1541872983481829,-1.43462,0.0702028,2.10846
1541872983527905,-1.4273,0.0686453,2.132
1541872983529852,-1.41944,0.0644067,2.15727
1541872983549908,-1.41387,0.0588217,2.18435
1541872983570905,-1.41108,0.0512767,2.21341
1541872983579913,-1.41007,0.0428238,2.24431
1541872983601911,-1.41262,0.0325394,2.27695
1541872983624932,-1.41653,0.0202568,2.31023
1541872983638962,-1.41907,0.0103839,2.34444
1541872983661972,-1.42189,0.000557721,2.37934
1541872983684999,-1.42563,-0.00912104,2.41497
1541872983699011,-1.42957,-0.0177251,2.45111
1541872983722021,-1.43268,-0.0249188,2.48767
1541872983744031,-1.43551,-0.0305141,2.52403
1541872983766047,-1.43868,-0.0347319,2.56013
1541872983782061,-1.44028,-0.0380784,2.59619
1541872983805098,-1.44083,-0.0411813,2.63188
1541872983826108,-1.44096,-0.0446394,2.66667
1541872983842128,-1.44252,-0.0486837,2.70027
1541872983865145,-1.44416,-0.0528841,2.73298
1541872983886163,-1.44659,-0.0574068,2.76535
1541872983902160,-1.44949,-0.0625894,2.79648
1541872983924197,-1.45372,-0.0675154,2.82578
1541872983945215,-1.45866,-0.0723168,2.85335
1541872983970226,-1.46361,-0.0766348,2.87905
1541872984000241,-1.46926,-0.080414,2.90368
1541872984005247,-1.47587,-0.0839379,2.92732
1541872984029307,-1.48271,-0.0869572,2.95009
1541872984044287,-1.48925,-0.0889246,2.97252
1541872984067314,-1.49597,-0.0894414,2.99443
1541872984089330,-1.50197,-0.0882899,3.01572
1541872984112369,-1.50801,-0.0857302,3.03712
1541872984125363,-1.51421,-0.0822954,3.05895
1541872984142372,-1.52042,-0.0778075,3.08156
1541872984164393,-1.52798,-0.0732402,3.1052
1541872984185413,-1.53409,-0.0709998,3.12845
1541872984202426,-1.53757,-0.0709569,-3.13258
1541872984224435,-1.54096,-0.0722951,-3.11157
1541872984246462,-1.54253,-0.07353,-3.09089
1541872984262477,-1.54441,-0.0741947,-3.07085
1541872984284476,-1.54727,-0.0746962,-3.05174
1541872984305512,-1.55003,-0.075305,-3.03417
1541872984329511,-1.55282,-0.0756841,-3.01763
1541872984344524,-1.55618,-0.0758113,-3.00177
1541872984365560,-1.56034,-0.0751118,-2.98669
1541872984389576,-1.56521,-0.0735114,-2.9729
1541872984412595,-1.57058,-0.0714492,-2.96083
1541872984425609,-1.57547,-0.0691136,-2.9501
1541872984441624,-1.58024,-0.0669909,-2.94083
1541872984464623,-1.58524,-0.0648935,-2.93269
1541872984494648,-1.59022,-0.063193,-2.92533
1541872984502660,-1.59509,-0.0617396,-2.91927
1541872984524691,-1.59965,-0.0602277,-2.91422
1541872984547694,-1.60392,-0.0585516,-2.90985
1541872984561724,-1.60756,-0.0565961,-2.90604
1541872984584740,-1.6104,-0.0544595,-2.90268
1541872984630777,-1.61267,-0.0524953,-2.89982
1541872984635786,-1.61422,-0.050787,-2.89731
1541872984651790,-1.61537,-0.0492988,-2.8953
1541872984674815,-1.61617,-0.0481132,-2.89355
1541872984695870,-1.61689,-0.0468622,-2.89224
1541872984704826,-1.61739,-0.0456648,-2.89135
1541872984726839,-1.61743,-0.0439865,-2.89059
1541872984741871,-1.61698,-0.0425444,-2.88985
1541872984764890,-1.61619,-0.0411555,-2.88897
1541872984786889,-1.61494,-0.0399004,-2.88782
1541872984801920,-1.61302,-0.0388056,-2.88656
1541872984824939,-1.6106,-0.0380506,-2.88541
1541872984854963,-1.60801,-0.0373206,-2.88426
1541872984861969,-1.60542,-0.0365068,-2.88303
1541872984884988,-1.60242,-0.0354009,-2.88198
1541872984906998,-1.59946,-0.0337791,-2.88129
1541872984930026,-1.5966,-0.0319697,-2.88093
1541872984952024,-1.59387,-0.0301549,-2.88093
1541872984967039,-1.59133,-0.0285643,-2.88114
1541872984982065,-1.58895,-0.0269634,-2.88137
1541872985005123,-1.58656,-0.0256216,-2.88202
1541872985035092,-1.58413,-0.0241202,-2.88286
1541872985048158,-1.5816,-0.0230547,-2.88359
1541872985065138,-1.5791,-0.021999,-2.88418
1541872985087136,-1.57697,-0.0208734,-2.88453
1541872985108172,-1.57521,-0.0197028,-2.88471
1541872985132173,-1.57328,-0.018566,-2.88493
1541872985155205,-1.57121,-0.0175247,-2.88503
1541872985170241,-1.56914,-0.0164832,-2.88512
1541872985185228,-1.5669,-0.0153047,-2.88509
1541872985207235,-1.5645,-0.0138692,-2.88474
1541872985228274,-1.56166,-0.0124188,-2.88381
1541872985252295,-1.55823,-0.0114784,-2.8826
1541872985267298,-1.55481,-0.010712,-2.88156
1541872985288321,-1.55123,-0.0103104,-2.88086
1541872985310339,-1.54794,-0.00970465,-2.88034
1541872985327353,-1.54464,-0.00901389,-2.87991
1541872985355375,-1.5417,-0.00863067,-2.87969
1541872985364387,-1.53881,-0.00856753,-2.87939
1541872985394389,-1.53595,-0.00895132,-2.87942
1541872985409425,-1.53348,-0.00988397,-2.87971
1541872985432440,-1.531,-0.0108882,-2.88006
1541872985454439,-1.52897,-0.0121241,-2.88002
1541872985468504,-1.52662,-0.0133141,-2.87972
1541872985484465,-1.52384,-0.0145618,-2.87885
1541872985507482,-1.52078,-0.0160445,-2.87788
1541872985529501,-1.5171,-0.0177739,-2.87669
1541872985552539,-1.51266,-0.0193009,-2.87486
1541872985574540,-1.50812,-0.0203505,-2.87213
1541872985590605,-1.5026,-0.0210467,-2.86888
1541872985606578,-1.4959,-0.0213151,-2.86534
1541872985627581,-1.48992,-0.0222347,-2.86112
1541872985649599,-1.48277,-0.0236394,-2.85652
1541872985670671,-1.47494,-0.0261791,-2.8512
1541872985687650,-1.46772,-0.0295607,-2.84518
1541872985709651,-1.46028,-0.0338427,-2.83881
1541872985730685,-1.45369,-0.0391438,-2.83184
1541872985747699,-1.4484,-0.0454339,-2.82443
1541872985769699,-1.44422,-0.0529741,-2.81728
1541872985782728,-1.44297,-0.0618118,-2.81058
1541872985797740,-1.44341,-0.0710186,-2.80453
1541872985812755,-1.44536,-0.080359,-2.79901
1541872985837771,-1.448,-0.0892689,-2.79422
1541872985869802,-1.45073,-0.0969135,-2.78969
1541872985873797,-1.45325,-0.102971,-2.78557
1541872985894820,-1.45558,-0.107633,-2.78193
1541872985918831,-1.45703,-0.111224,-2.77826
1541872985932851,-1.45736,-0.113796,-2.77419
1541872985954865,-1.4564,-0.115427,-2.76984
1541872985972866,-1.45444,-0.116506,-2.76509
1541872985995904,-1.45188,-0.117145,-2.76025
1541872986023927,-1.44924,-0.118022,-2.7555
1541872986029932,-1.44744,-0.118735,-2.75047
1541872986052951,-1.44571,-0.119156,-2.74494
1541872986077951,-1.44373,-0.119473,-2.73902
1541872986098969,-1.44096,-0.118299,-2.73275
1541872986120006,-1.43966,-0.11547,-2.72623
1541872986135019,-1.44074,-0.112914,-2.71966
1541872986152033,-1.44237,-0.110811,-2.71281
1541872986176048,-1.44358,-0.109473,-2.70575
1541872986237103,-1.4432,-0.108169,-2.69915
1541872986251095,-1.44315,-0.106481,-2.69357
1541872986274133,-1.44348,-0.10003,-2.68398
1541872986278136,-1.44465,-0.0952101,-2.67932
1541872986293149,-1.44684,-0.0901251,-2.67501
1541872986323174,-1.4511,-0.0857542,-2.67177
1541872986332182,-1.45666,-0.0832285,-2.67077
1541872986356210,-1.45902,-0.0813895,-2.67137
1541872986383222,-1.46067,-0.0781217,-2.67191
1541872986392211,-1.46087,-0.0746986,-2.67264
1541872986413245,-1.46021,-0.0725892,-2.6751
1541872986435265,-1.45941,-0.0717913,-2.67955
1541872986453281,-1.45967,-0.0715159,-2.68576
1541872986472296,-1.46206,-0.0720559,-2.69241
1541872986495316,-1.46578,-0.0743379,-2.70027
1541872986513330,-1.46987,-0.0773884,-2.70962
1541872986532381,-1.47425,-0.0798119,-2.71995
1541872986555365,-1.47847,-0.0808879,-2.73038
1541872986573380,-1.48139,-0.080087,-2.74029
1541872986592395,-1.48337,-0.0786914,-2.74958
1541872986615449,-1.48448,-0.0764333,-2.75826
1541872986633428,-1.48415,-0.0741789,-2.76615
1541872986652444,-1.48326,-0.0714406,-2.7732
1541872986675464,-1.48228,-0.0677108,-2.78059
1541872986697482,-1.48118,-0.0637356,-2.78885
1541872986720500,-1.48078,-0.0598762,-2.79733
1541872986735513,-1.48026,-0.0555578,-2.8045
1541872986753528,-1.47985,-0.050002,-2.81016
1541872986772543,-1.47903,-0.0449825,-2.81522
1541872986795598,-1.47691,-0.0407803,-2.82021
1541872986813577,-1.4764,-0.0385839,-2.82401
1541872986840599,-1.47591,-0.0375512,-2.82684
1541872986850603,-1.47576,-0.0375684,-2.82888
1541872986873609,-1.47326,-0.0379415,-2.82927
1541872986892643,-1.47247,-0.0383409,-2.82737
1541872986910648,-1.47154,-0.0385646,-2.82413
1541872986933677,-1.46982,-0.0393198,-2.82027
1541872986952692,-1.46812,-0.0404429,-2.81565
1541872986970688,-1.46754,-0.0419976,-2.81006
1541872986993762,-1.46729,-0.0439254,-2.80307
1541872987012777,-1.46859,-0.0469925,-2.79445
1541872987035762,-1.46904,-0.0517581,-2.78455
1541872987053758,-1.46883,-0.0574023,-2.77341
1541872987074778,-1.4697,-0.0622233,-2.76177
1541872987095806,-1.46917,-0.0677408,-2.75021
1541872987112824,-1.46968,-0.0742152,-2.73855
1541872987140834,-1.47271,-0.0825374,-2.72734
1541872987155851,-1.47522,-0.0914965,-2.71764
1541872987172874,-1.47801,-0.0996599,-2.70928
1541872987193890,-1.48122,-0.10582,-2.7024
1541872987217948,-1.48356,-0.10918,-2.69618
1541872987232917,-1.48439,-0.11049,-2.68987
1541872987253976,-1.48316,-0.110397,-2.68426
1541872987275959,-1.48113,-0.109914,-2.67936
1541872987292966,-1.47929,-0.109093,-2.67464
1541872987314007,-1.47768,-0.107697,-2.66921
1541872987330002,-1.47665,-0.10582,-2.66292
1541872987353003,-1.47547,-0.104175,-2.65689
1541872987374020,-1.47372,-0.102883,-2.65144
1541872987390052,-1.47169,-0.101014,-2.6464
1541872987412112,-1.46932,-0.0987358,-2.64164
1541872987435090,-1.46658,-0.0969388,-2.63745
1541872987450102,-1.46516,-0.095333,-2.63361
1541872987472154,-1.46462,-0.093847,-2.62971
1541872987495122,-1.46374,-0.09174,-2.62578
1541872987516157,-1.46361,-0.0891654,-2.62234
1541872987532153,-1.46405,-0.0858304,-2.61887
1541872987555189,-1.46682,-0.0816701,-2.61538
1541872987577203,-1.46981,-0.0766628,-2.61192
1541872987592200,-1.47131,-0.0712328,-2.60918
1541872987615238,-1.47187,-0.0658716,-2.60737
1541872987629231,-1.47291,-0.0619568,-2.60676
1541872987652255,-1.47359,-0.0610727,-2.60828
1541872987675283,-1.47482,-0.0628598,-2.61191
1541872987689279,-1.47788,-0.0655608,-2.61719
1541872987712310,-1.4837,-0.0690986,-2.62392
1541872987735320,-1.49064,-0.0728227,-2.63237
1541872987763343,-1.49647,-0.0762704,-2.64279
1541872987772364,-1.50303,-0.0777552,-2.65415
1541872987795386,-1.50863,-0.0774622,-2.66546
1541872987816439,-1.51284,-0.076645,-2.67663
1541872987840459,-1.51555,-0.0752951,-2.68668
1541872987855432,-1.51613,-0.0728086,-2.69539
1541872987876453,-1.51363,-0.0691241,-2.70235
1541872987900473,-1.50961,-0.0650313,-2.70843
1541872987915486,-1.50572,-0.0623508,-2.71488
1541872987944509,-1.50371,-0.0596204,-2.72152
1541872987952501,-1.50284,-0.0560956,-2.72766
1541872987982522,-1.50177,-0.0518827,-2.73268
1541872987996547,-1.50038,-0.0469789,-2.73709
1541872988012565,-1.49928,-0.0416872,-2.74075
1541872988035581,-1.49824,-0.0367809,-2.74297
1541872988056592,-1.49645,-0.0321901,-2.74355
1541872988072615,-1.49419,-0.0283806,-2.74229
1541872988095621,-1.49179,-0.0248226,-2.73938
1541872988123657,-1.48843,-0.0217425,-2.73517
1541872988132665,-1.48396,-0.0189446,-2.73008
1541872988155684,-1.47929,-0.0162529,-2.72349
1541872988177702,-1.47409,-0.0143827,-2.71539
1541872988215732,-1.4683,-0.0136732,-2.70598
1541872988217728,-1.46318,-0.014435,-2.69509
1541872988235749,-1.45871,-0.0157982,-2.68289
1541872988251751,-1.45519,-0.0179169,-2.6693
1541872988274764,-1.45353,-0.0215857,-2.65475
1541872988304787,-1.4521,-0.0265544,-2.63921
1541872988320820,-1.45065,-0.0324313,-2.62155
1541872988342838,-1.44856,-0.0393341,-2.60214
1541872988373856,-1.44631,-0.0470444,-2.58084
1541872988395916,-1.44586,-0.0549502,-2.55842
1541872988397865,-1.44617,-0.0629357,-2.53564
1541872988423905,-1.44636,-0.0698031,-2.51272
1541872988447925,-1.44616,-0.0762659,-2.49019
1541872988454910,-1.44696,-0.0823303,-2.46847
1541872988477984,-1.44753,-0.0870659,-2.44737
1541872988515980,-1.4475,-0.0906571,-2.42597
1541872988520965,-1.44896,-0.0943523,-2.4052
1541872988537998,-1.44939,-0.0987076,-2.38663
1541872988567032,-1.44987,-0.103881,-2.37071
1541872988577031,-1.44991,-0.108921,-2.35581
1541872988605035,-1.44967,-0.115491,-2.3404
1541872988666136,-1.45156,-0.123295,-2.32506
1541872988668088,-1.45422,-0.130347,-2.3102
1541872988674111,-1.45616,-0.136353,-2.29616
1541872988696110,-1.45607,-0.142208,-2.2841
1541872988701132,-1.45388,-0.147026,-2.27382
1541872988734160,-1.45017,-0.149999,-2.26382
1541872988739144,-1.45016,-0.152013,-2.25399
1541872988763179,-1.45108,-0.154037,-2.24413
1541872988777196,-1.4526,-0.157201,-2.23418
1541872988798212,-1.45328,-0.160495,-2.22366
1541872988815227,-1.45526,-0.162308,-2.21219
1541872988845248,-1.45778,-0.164119,-2.20063
1541872988860260,-1.45691,-0.164722,-2.1889
1541872988875276,-1.4541,-0.164453,-2.17598
1541872988898278,-1.45677,-0.16381,-2.16295
1541872988921296,-1.4604,-0.162593,-2.14998
1541872988959326,-1.46408,-0.16078,-2.13765
1541872988963332,-1.46735,-0.159353,-2.12607
1541872989018395,-1.47223,-0.157137,-2.11329
1541872989020386,-1.47787,-0.156711,-2.10044
1541872989034404,-1.48218,-0.159748,-2.08775
1541872989047410,-1.48647,-0.167573,-2.07587
1541872989101449,-1.48926,-0.179526,-2.0649
1541872989108449,-1.4884,-0.194564,-2.05352
1541872989124482,-1.48774,-0.225276,-2.02554
1541872989153489,-1.48606,-0.239305,-2.01314
1541872989160512,-1.4846,-0.250405,-2.00139
1541872989188535,-1.4834,-0.257348,-1.98927
1541872989198542,-1.47947,-0.260145,-1.97808
1541872989227557,-1.47867,-0.262991,-1.96577
1541872989234568,-1.47572,-0.264643,-1.95314
1541872989257582,-1.47586,-0.264916,-1.94197
1541872989287596,-1.47312,-0.264446,-1.93311
1541872989294621,-1.46941,-0.26591,-1.92647
1541872989317631,-1.46814,-0.270423,-1.92088
1541872989363670,-1.46797,-0.276894,-1.91707
1541872989378716,-1.4678,-0.284879,-1.91536
1541872989380689,-1.46738,-0.294473,-1.91551
1541872989439732,-1.46673,-0.308382,-1.91784
1541872989506796,-1.46948,-0.321485,-1.92081
1541872989525849,-1.48171,-0.355611,-1.92824
1541872989537813,-1.48416,-0.406994,-1.94349
1541872989603857,-1.48991,-0.413561,-1.94576
1541872989625932,-1.48793,-0.416515,-1.94527
1541872989630899,-1.47678,-0.426429,-1.9338
1541872989640911,-1.47221,-0.431414,-1.92921
1541872989660924,-1.46443,-0.435572,-1.92413
1541872989690948,-1.45017,-0.438682,-1.91843
1541872989700957,-1.43144,-0.442286,-1.91036
1541872989722974,-1.41337,-0.451926,-1.90107
1541872989737987,-1.4036,-0.464681,-1.88981
1541872989774017,-1.3981,-0.476952,-1.87562
1541872989789028,-1.39253,-0.488324,-1.85965
1541872989798037,-1.38143,-0.500331,-1.84171
1541872989820045,-1.36801,-0.515915,-1.82257
1541872989866129,-1.3589,-0.533951,-1.80167
1541872989868076,-1.35012,-0.554111,-1.77904
1541872989934144,-1.33482,-0.575602,-1.75489
1541872990001200,-1.31224,-0.603885,-1.73009
1541872990015251,-1.26755,-0.675523,-1.67478
1541872990037234,-1.26638,-0.882452,-1.52389
1541872990040235,-1.27624,-0.942569,-1.48723
1541872990061253,-1.28522,-0.999591,-1.44532
1541872990113296,-1.29545,-1.05243,-1.40595
1541872990116281,-1.30559,-1.09862,-1.36757
1541872990122285,-1.33126,-1.14217,-1.31179
1541872990142319,-1.35522,-1.18284,-1.2585
1541872990172345,-1.36935,-1.21725,-1.22697
1541872990211377,-1.3633,-1.2455,-1.22683
1541872990218385,-1.35319,-1.26535,-1.23684
1541872990220380,-1.34236,-1.28284,-1.24313
1541872990241386,-1.32092,-1.29891,-1.25918
1541872990271407,-1.2905,-1.31185,-1.28716
1541872990471586,-1.26669,-1.32148,-1.31455
1541872990517665,-1.25151,-1.32722,-1.33173
1541872990750857,-1.24482,-1.32965,-1.33886
1541872990766835,-1.16897,-1.27249,-1.41504
1541872990804847,-1.09302,-1.13518,-1.46738
1541872990818858,-1.08659,-1.12832,-1.46274
1541872990847902,-1.08148,-1.1227,-1.45656
1541872990850885,-1.07554,-1.11833,-1.44823
1541872990869920,-1.07157,-1.11688,-1.43637
1541872990872922,-1.06918,-1.11803,-1.4227
1541872990900941,-1.07042,-1.12095,-1.40863
1541872990921962,-1.08031,-1.1224,-1.3897
1541872990935973,-1.09455,-1.12065,-1.36528
1541872990970003,-1.1075,-1.11664,-1.34255
1541872990975005,-1.11674,-1.11634,-1.32241
1541872990996059,-1.13897,-1.11477,-1.29184
1541872991052066,-1.16114,-1.1078,-1.25408
1541872991066117,-1.16664,-1.10201,-1.22536
1541872991072082,-1.18091,-1.10716,-1.1903
1541872991097109,-1.16737,-1.11054,-1.18932
1541872991157147,-1.15356,-1.11648,-1.19149
1541872991328288,-1.16119,-1.12377,-1.1826
1541872991402372,-1.21133,-1.13598,-1.11727
1541872991839762,-1.53981,-1.23327,-0.731394
1541872991846705,-1.53822,-1.23624,-1.1493
1541872991868742,-1.41063,-1.26732,-1.69644
1541872991870724,-1.39371,-1.26817,-1.74697
1541872991891742,-1.38139,-1.26489,-1.7864
1541872991921786,-1.37343,-1.25927,-1.81523
1541872991943805,-1.3718,-1.25395,-1.83457
1541872991945787,-1.37798,-1.25289,-1.8489
1541872991981818,-1.39828,-1.25343,-1.85617
1541872991996829,-1.4218,-1.25055,-1.86505
1541872992024867,-1.43967,-1.24483,-1.87366
1541872992040884,-1.44392,-1.23986,-1.89016
1541872992055892,-1.44307,-1.23601,-1.91393
1541872992069946,-1.44015,-1.22954,-1.94216
1541872992091926,-1.43217,-1.22281,-1.97459
1541872992115928,-1.4169,-1.2189,-2.01565
1541872992146974,-1.39463,-1.21447,-2.06058
1541872992166988,-1.37213,-1.20926,-2.10096
